Social_Media_Activity,Social_Media_Sentiment,Utility_Payment_Timeliness,Online_Shopping_Frequency,Geolocation_Stability,Mobile_Usage_Hours,App_Subscriptions,Streaming_Subscriptions,Ecommerce_Transactions,Ride_Sharing_Usage,Smart_Device_Usage_Hours,Digital_Payment_Transactions,Loan_Decision
High,0.34,Missed,Frequent,Unstable,10.75,16,4,35,41,1.49,69,Denied
High,-0.89,On-time,Occasional,Stable,10.63,14,8,56,9,1.79,62,Denied
High,0.24,On-time,Frequent,Stable,8.5,11,1,99,15,2.73,46,Approved
Low,0.1,Delayed,Occasional,Unstable,2.8,9,1,33,7,4.14,132,Denied
Medium,0.16,Missed,Occasional,Semi-Stable,9.29,1,9,71,26,7.63,143,Denied
Medium,-0.77,Missed,Rare,Stable,5.91,18,3,50,2,3.07,95,Denied
High,0,Delayed,Frequent,Stable,1.31,3,7,22,20,4.44,26,Denied
Low,-0.79,Delayed,Frequent,Unstable,8.56,17,4,2,33,6.72,77,Denied
Low,-0.5,On-time,Occasional,Stable,7.36,9,6,75,15,7.44,107,Denied
High,-0.27,Missed,Frequent,Stable,5.55,10,8,84,28,6.01,114,Denied
Medium,0.21,On-time,Frequent,Semi-Stable,4.71,7,8,94,35,7.78,84,Approved
Low,-0.73,Missed,Rare,Unstable,8.04,19,4,13,21,2.71,76,Denied
Low,0.87,Delayed,Rare,Stable,7.86,15,6,59,0,2.01,122,Approved
Low,0.04,Delayed,Frequent,Semi-Stable,7.26,16,3,12,32,6.97,79,Approved
Medium,-0.05,On-time,Occasional,Semi-Stable,7.9,19,1,50,5,7.57,145,Approved
High,0.78,On-time,Frequent,Unstable,7.27,8,2,55,3,4.9,99,Denied
High,0.59,Missed,Frequent,Unstable,5.37,18,4,62,34,9.72,141,Denied
Low,0.19,Delayed,Rare,Semi-Stable,11.2,14,0,10,19,5.97,149,Approved
Medium,0.85,On-time,Rare,Stable,2.67,0,5,78,39,3.56,31,Denied
High,0.41,Delayed,Occasional,Stable,9.03,16,9,43,12,1.65,41,Approved
Medium,0.63,Delayed,Rare,Unstable,8.94,12,2,83,2,9.08,83,Denied
High,0.8,On-time,Frequent,Unstable,7.31,5,1,48,24,2.23,142,Denied
High,0.67,Delayed,Frequent,Stable,9.77,4,9,98,44,3.22,142,Approved
Low,-0.2,Delayed,Frequent,Stable,5.6,6,5,16,25,7.54,17,Approved
High,-0.38,Delayed,Frequent,Semi-Stable,11.94,13,8,73,47,7.25,87,Denied
High,0.39,On-time,Rare,Stable,9.59,5,4,48,1,7.28,59,Approved
Low,-0.75,Missed,Rare,Stable,5.85,11,4,44,9,8.34,90,Denied
Medium,0.44,Missed,Frequent,Stable,10.65,9,1,11,37,8.65,20,Denied
Low,0.21,On-time,Occasional,Stable,7.56,1,0,55,0,9.62,105,Denied
Low,0.1,On-time,Rare,Semi-Stable,9.12,13,4,36,17,8.69,7,Approved
High,-0.05,On-time,Occasional,Unstable,7.7,13,6,97,25,6.89,57,Denied
Low,-0.76,Delayed,Occasional,Unstable,3.16,1,4,34,37,7.41,51,Denied
Low,-0.88,On-time,Occasional,Stable,5.64,18,8,74,41,7.46,80,Denied
Medium,0.95,On-time,Rare,Semi-Stable,1.61,18,3,36,38,7.81,139,Denied
High,0.21,On-time,Frequent,Stable,10.34,18,4,46,26,3.68,140,Approved
High,-0.05,Missed,Rare,Semi-Stable,2.58,10,1,84,9,3.48,58,Denied
Medium,-0.34,Delayed,Occasional,Stable,6.7,2,9,97,36,7.41,88,Denied
Low,0.13,Delayed,Occasional,Stable,2.12,18,7,15,7,8.51,6,Approved
Medium,0.03,Delayed,Occasional,Stable,2.2,17,3,62,0,2.56,137,Approved
Low,-0.34,Missed,Rare,Semi-Stable,8.09,3,7,59,42,1.54,107,Denied
Medium,-0.45,On-time,Frequent,Stable,2.09,19,4,92,36,7.62,67,Denied
Low,-0.71,Missed,Occasional,Semi-Stable,2.8,4,3,1,38,8.15,115,Denied
Medium,-0.5,Missed,Frequent,Unstable,5.73,0,1,16,34,4.3,12,Denied
Low,0.63,Missed,Rare,Stable,6.72,8,1,57,25,5.59,149,Denied
Medium,0.32,On-time,Rare,Semi-Stable,6.67,1,6,45,37,4.34,128,Denied
High,-0.82,Missed,Rare,Stable,6.88,12,5,47,23,4.21,144,Denied
Medium,0.22,Missed,Occasional,Unstable,10.84,9,6,57,11,9.21,60,Denied
High,-0.74,On-time,Occasional,Stable,9.59,13,4,31,41,1.37,78,Denied
High,-0.42,Missed,Rare,Stable,3.22,19,2,31,4,8.77,96,Denied
High,0.63,Delayed,Occasional,Unstable,3.53,3,1,14,30,9.92,75,Denied
Medium,-0.97,Missed,Occasional,Semi-Stable,8.87,18,4,68,15,3.87,3,Denied
High,0.4,On-time,Rare,Stable,5.84,15,2,61,19,3.74,104,Approved
Low,-0.39,On-time,Frequent,Unstable,4.65,19,7,34,41,7.99,70,Denied
High,0.35,Delayed,Frequent,Unstable,4.85,2,5,90,36,6.77,143,Denied
High,0.42,Delayed,Frequent,Stable,8.33,13,0,82,6,5.83,115,Approved
Low,-0.8,Missed,Frequent,Unstable,5.16,13,1,54,49,8.95,3,Denied
Low,0.87,On-time,Occasional,Semi-Stable,10.55,15,5,98,7,3.34,95,Approved
Medium,-0.9,Delayed,Rare,Stable,10.7,8,7,5,1,6.99,97,Denied
High,-0.63,Missed,Rare,Stable,4.67,1,1,16,14,6.51,113,Denied
Medium,-0.08,Delayed,Frequent,Stable,4.63,16,0,78,16,5.85,60,Approved
Low,-0.72,Delayed,Rare,Unstable,1.49,19,7,7,17,3.39,108,Denied
Low,0.62,Delayed,Rare,Semi-Stable,11.91,1,2,72,3,3.03,40,Denied
Low,-0.62,Delayed,Occasional,Unstable,3.35,2,4,67,20,1.12,35,Denied
Low,-0.62,Missed,Occasional,Stable,1.76,6,3,30,32,5.73,83,Denied
High,-0.97,On-time,Rare,Unstable,1.2,5,8,23,35,6.91,12,Denied
Low,0.4,On-time,Occasional,Unstable,5.88,11,9,45,35,1.2,25,Denied
High,0.15,Missed,Rare,Unstable,3.98,5,7,32,6,5.97,69,Denied
High,-0.23,On-time,Occasional,Unstable,5.78,5,2,20,48,1.14,69,Denied
Low,-0.33,Missed,Rare,Semi-Stable,9.02,3,4,95,29,7.98,101,Denied
Low,-0.38,Missed,Frequent,Unstable,7.41,8,7,76,0,6.54,102,Denied
High,0.59,Missed,Occasional,Stable,6.59,11,2,21,46,3.81,143,Denied
Low,0.92,Delayed,Frequent,Stable,4.01,19,6,82,12,3.26,100,Approved
High,0.41,Missed,Rare,Stable,11.44,9,3,63,22,9.76,19,Denied
Medium,0.63,Missed,Frequent,Semi-Stable,8.26,7,8,37,32,9.77,89,Denied
High,0.22,Missed,Frequent,Stable,9.19,0,9,3,46,1.21,114,Denied
Medium,-0.08,Delayed,Occasional,Stable,6.85,5,2,68,46,5.12,51,Approved
High,-0.44,Missed,Frequent,Unstable,2.92,16,4,59,43,6.36,101,Denied
Medium,-0.58,Delayed,Rare,Semi-Stable,8.32,14,9,53,38,1.03,128,Denied
High,0.03,On-time,Rare,Semi-Stable,3.03,5,0,94,18,1.6,28,Approved
Low,-0.11,On-time,Occasional,Unstable,8.75,3,1,52,3,7.51,109,Denied
Low,-0.82,Delayed,Frequent,Unstable,7.53,4,7,72,6,8.17,94,Denied
High,0.88,Delayed,Frequent,Semi-Stable,1.92,16,5,21,29,1.03,146,Denied
Medium,0.45,On-time,Rare,Unstable,2.98,10,0,62,1,8.01,136,Denied
Medium,0.36,On-time,Frequent,Semi-Stable,1.99,3,9,52,18,4.72,35,Denied
Medium,0.78,Missed,Occasional,Unstable,8.46,17,9,62,8,7.55,128,Denied
Medium,0.29,Delayed,Rare,Stable,1.68,19,6,68,49,9.89,87,Denied
Low,0.08,On-time,Frequent,Stable,8.24,6,2,27,33,1.52,90,Approved
Medium,0.25,Delayed,Frequent,Stable,7.03,19,5,25,37,3.88,84,Approved
Low,0.82,Delayed,Frequent,Unstable,9.42,8,7,99,18,2.56,42,Denied
High,-0.08,Missed,Occasional,Stable,9.27,4,9,49,37,2.05,138,Denied
High,0.72,Delayed,Rare,Semi-Stable,7.63,14,6,99,45,8.19,40,Approved
Low,0.63,Delayed,Occasional,Semi-Stable,11.72,3,6,22,32,7.84,21,Approved
High,0.29,Delayed,Rare,Unstable,4.38,19,5,68,36,8.28,2,Denied
Low,-0.89,On-time,Rare,Semi-Stable,7.09,5,5,40,18,4.29,63,Denied
Low,0.87,Delayed,Rare,Semi-Stable,3.15,15,4,83,34,4.21,125,Approved
Medium,-0.75,Delayed,Occasional,Unstable,5.02,4,2,66,13,5.95,2,Denied
High,0.64,Delayed,Rare,Unstable,9.54,12,3,44,40,8.9,3,Denied
Low,-0.88,Missed,Occasional,Semi-Stable,5.92,0,5,88,22,8.21,27,Denied
Medium,-0.3,Missed,Rare,Semi-Stable,2.85,3,9,36,34,9.09,39,Denied
Low,0.35,Delayed,Occasional,Unstable,7.15,8,2,81,6,4.77,4,Denied
Low,-0.85,On-time,Rare,Unstable,10.83,16,3,55,12,9.86,36,Denied
Low,-0.97,Missed,Frequent,Unstable,3.71,0,1,59,37,3.27,46,Denied
Low,0.25,Delayed,Rare,Semi-Stable,11.14,4,3,56,8,9.33,100,Approved
High,0.8,Missed,Rare,Stable,2.79,12,2,23,12,2.78,126,Denied
High,-0.65,Delayed,Occasional,Unstable,1.03,16,6,99,18,8.89,113,Denied
High,-0.34,On-time,Occasional,Stable,4.18,8,1,2,28,2.83,13,Denied
High,-0.47,Delayed,Occasional,Semi-Stable,8.88,0,3,89,11,8.98,138,Denied
Low,-0.87,On-time,Frequent,Semi-Stable,4.66,3,7,17,26,9.31,118,Denied
High,0.13,Delayed,Occasional,Semi-Stable,7.44,3,9,46,28,2.53,12,Approved
High,-0.24,Missed,Frequent,Unstable,1.32,13,3,1,44,4.81,69,Denied
Medium,0.54,On-time,Rare,Unstable,2.87,1,4,18,41,2.41,17,Denied
Medium,0.94,Missed,Frequent,Unstable,10.83,13,0,96,4,6.99,108,Denied
High,0.65,Delayed,Rare,Semi-Stable,1.49,5,0,29,17,1.29,113,Denied
Medium,-0.92,On-time,Rare,Semi-Stable,2.7,12,6,0,43,2.89,118,Denied
Medium,0.61,Delayed,Frequent,Stable,11,9,2,28,37,4.27,128,Approved
High,-0.04,On-time,Occasional,Semi-Stable,2.43,19,7,48,47,7.34,38,Approved
High,-0.71,Missed,Rare,Semi-Stable,11.17,9,6,43,31,4.62,123,Denied
Low,-0.68,Missed,Occasional,Unstable,6.09,17,6,95,6,8.45,137,Denied
Low,-0.24,Delayed,Frequent,Semi-Stable,3.07,13,4,25,33,1.83,97,Approved
Medium,0.13,Missed,Rare,Unstable,11.08,8,1,36,25,1.11,52,Denied
High,-0.96,Missed,Frequent,Stable,6.42,6,5,91,12,1.72,47,Denied
Medium,-0.87,On-time,Frequent,Unstable,8.8,12,1,25,39,5.23,95,Denied
Medium,0.55,Missed,Occasional,Unstable,6.25,2,9,95,14,1.48,76,Denied
Medium,-0.24,Delayed,Rare,Semi-Stable,2.24,14,8,47,34,9.67,13,Approved
Low,0.21,Missed,Frequent,Semi-Stable,6.4,13,2,29,14,4,129,Denied
Low,-0.29,On-time,Frequent,Semi-Stable,7.05,19,6,29,41,5.98,127,Approved
Medium,-0.63,Missed,Rare,Semi-Stable,10.52,12,1,32,43,7.07,65,Denied
Medium,0.35,Missed,Rare,Unstable,6.41,9,9,25,38,5.76,44,Denied
Low,0.45,On-time,Occasional,Unstable,6.77,13,4,22,37,3.33,70,Denied
High,-0.26,On-time,Frequent,Stable,7.46,14,1,0,23,5.2,72,Approved
Low,-0.73,On-time,Rare,Stable,2.47,1,9,40,21,9.08,55,Denied
Low,-0.06,On-time,Rare,Stable,1.63,12,8,20,37,6.07,99,Denied
High,0.4,On-time,Frequent,Semi-Stable,9.39,16,0,0,40,6.12,42,Approved
Medium,-0.19,Delayed,Occasional,Stable,2.17,6,1,45,13,5.98,66,Approved
Medium,-0.1,Missed,Frequent,Stable,11.75,2,9,38,42,8.39,74,Denied
High,0.26,Delayed,Rare,Unstable,9.56,18,0,85,38,1.61,105,Denied
High,-0.56,Delayed,Frequent,Semi-Stable,5.96,5,9,77,21,6.03,49,Denied
High,-0.79,Missed,Frequent,Unstable,4.67,4,8,69,22,4.62,53,Denied
Low,0.51,On-time,Occasional,Stable,4.59,1,2,58,41,4.37,138,Denied
Low,-0.57,On-time,Frequent,Unstable,4.59,16,1,43,30,8.47,1,Denied
Low,-0.72,Delayed,Occasional,Stable,7.5,10,8,75,11,7.46,52,Denied
Low,-0.68,Missed,Occasional,Unstable,7.06,10,2,75,41,7.95,71,Denied
Low,-0.45,Delayed,Frequent,Unstable,8.95,13,5,32,10,9.55,72,Denied
Medium,-0.41,Missed,Rare,Semi-Stable,11.04,0,2,6,49,4.87,105,Denied
Low,-0.72,On-time,Frequent,Unstable,3.56,1,3,77,38,9.37,73,Denied
Medium,0.07,On-time,Occasional,Unstable,8.36,13,9,56,21,5.53,24,Denied
Low,-0.1,Missed,Occasional,Unstable,5.55,6,4,96,17,1.05,15,Denied
Low,-0.02,Delayed,Frequent,Unstable,5.39,12,3,26,48,8.01,44,Denied
Medium,0.36,Missed,Occasional,Stable,5.89,17,5,66,27,7.44,111,Denied
Medium,0.03,Missed,Frequent,Semi-Stable,10.33,12,9,34,16,7.03,17,Denied
High,0.49,Missed,Rare,Semi-Stable,3.47,15,1,17,4,7.24,45,Denied
High,0.59,Delayed,Frequent,Semi-Stable,2.64,2,1,46,38,8.71,95,Approved
High,0.76,Missed,Occasional,Unstable,6.04,9,1,0,15,7.73,114,Denied
Medium,-0.36,Missed,Occasional,Unstable,5.31,19,7,35,47,9.76,32,Denied
High,-0.6,Missed,Occasional,Unstable,4.79,17,0,67,21,2.5,102,Denied
Medium,0.66,Delayed,Occasional,Semi-Stable,3.53,6,8,5,31,2.08,122,Approved
High,-0.79,Missed,Rare,Semi-Stable,3.53,4,4,39,7,2.66,64,Denied
High,0.48,Missed,Occasional,Stable,1.38,11,3,25,18,3.42,27,Denied
High,-0.37,Delayed,Frequent,Semi-Stable,1.45,13,5,70,22,3.67,148,Denied
Medium,-0.35,On-time,Rare,Semi-Stable,4.83,17,0,64,15,8.19,17,Denied
Medium,-0.54,Delayed,Occasional,Unstable,8.25,10,8,38,33,2.74,45,Denied
Low,-0.58,Missed,Occasional,Stable,1.58,16,1,59,39,4.27,138,Denied
High,-0.32,Delayed,Occasional,Stable,4.99,8,8,0,36,9.22,90,Denied
High,0.73,On-time,Occasional,Stable,4.8,19,1,36,26,9.14,32,Approved
High,0.54,Missed,Occasional,Semi-Stable,1.81,8,9,87,4,4.47,99,Denied
High,0.71,Delayed,Frequent,Semi-Stable,7.64,19,8,32,33,3.67,57,Approved
Medium,0.06,Delayed,Rare,Unstable,4.46,3,2,9,48,3.35,44,Denied
Medium,-0.87,Missed,Rare,Semi-Stable,7.27,0,7,32,14,4.45,137,Denied
Low,-0.64,On-time,Rare,Unstable,11.35,11,5,97,7,5.64,135,Denied
Low,-0.11,Delayed,Rare,Semi-Stable,9.94,15,0,9,49,9.99,65,Approved
Medium,-0.82,On-time,Frequent,Stable,10.55,14,8,25,4,3.07,135,Denied
Medium,0.15,Missed,Occasional,Semi-Stable,2.78,6,6,17,48,9.39,82,Denied
Low,-0.45,Delayed,Occasional,Stable,4.28,7,2,58,3,2.11,111,Denied
Medium,-0.63,Missed,Occasional,Semi-Stable,4.15,16,3,54,19,8.42,36,Denied
Low,-0.8,Missed,Rare,Stable,7.24,4,9,6,15,8.71,65,Denied
Low,-0.17,Delayed,Frequent,Unstable,8.95,8,7,56,26,2.3,137,Denied
High,0.6,Missed,Occasional,Stable,9.13,3,3,84,17,1.92,69,Denied
Medium,0.29,Missed,Occasional,Stable,7.14,11,5,61,25,9.98,112,Denied
Medium,1,Missed,Rare,Semi-Stable,5.64,1,7,54,46,5.05,106,Denied
High,0.32,On-time,Occasional,Unstable,4.99,2,0,55,4,4.29,92,Denied
Low,0.72,On-time,Rare,Stable,4.18,19,7,18,2,7.42,35,Approved
High,0.06,Missed,Rare,Unstable,11.34,17,2,90,43,9.08,54,Denied
High,0.35,Delayed,Occasional,Unstable,10.28,5,3,71,24,3.82,39,Denied
Low,0.15,Delayed,Occasional,Unstable,11.36,4,2,37,3,5.11,78,Denied
High,0.12,Missed,Frequent,Stable,8.48,17,6,80,37,8.78,55,Denied
High,-1,Missed,Rare,Semi-Stable,8.28,4,7,51,17,4.13,135,Denied
Medium,-0.68,Delayed,Occasional,Stable,9.67,8,5,28,25,8.59,6,Denied
Medium,0.41,On-time,Occasional,Semi-Stable,7.36,0,0,11,18,5.41,129,Denied
High,-0.46,Delayed,Rare,Stable,9.18,11,2,33,15,2.58,131,Denied
Low,-0.81,Delayed,Frequent,Stable,6.65,12,4,90,41,5.44,4,Denied
High,-0.15,Delayed,Frequent,Stable,8.58,7,6,48,44,3.29,15,Approved
Medium,0.43,Missed,Rare,Semi-Stable,6.35,3,7,66,42,3.82,51,Denied
High,-0.75,Missed,Occasional,Semi-Stable,2.88,4,0,85,22,1.04,60,Denied
Medium,0.89,Missed,Occasional,Unstable,1.25,5,7,33,14,4.87,107,Denied
Medium,-0.74,Missed,Rare,Unstable,10.81,8,8,51,3,7.41,49,Denied
Medium,-0.42,On-time,Rare,Semi-Stable,5.88,18,6,61,30,8.25,36,Denied
High,-0.73,Missed,Occasional,Stable,5.03,11,5,88,15,4.17,87,Denied
High,-0.47,On-time,Rare,Stable,3.16,12,0,83,18,4.09,131,Denied
Low,0,On-time,Frequent,Semi-Stable,10.47,9,5,33,49,8.74,117,Approved
Medium,-0.86,Missed,Frequent,Stable,6.28,3,1,5,24,9.26,63,Denied
Medium,0.89,Missed,Occasional,Unstable,5.11,19,1,75,10,2.67,77,Denied
High,0.53,Missed,Rare,Unstable,4.01,11,7,66,4,8.48,15,Denied
Low,-0.21,Delayed,Occasional,Unstable,8.75,15,2,70,39,9.29,68,Denied
High,0.11,Missed,Occasional,Unstable,1.13,19,3,61,16,9.9,66,Denied
Low,0.87,Delayed,Frequent,Stable,10.32,0,7,9,26,4.68,133,Denied
Low,-0.94,Missed,Occasional,Stable,10.83,4,1,45,28,5.46,66,Denied
Medium,0.88,On-time,Frequent,Semi-Stable,10.59,8,8,74,18,7.83,12,Approved
Low,0.53,Missed,Frequent,Semi-Stable,6.22,5,6,76,36,4.5,36,Denied
Medium,-0.33,On-time,Rare,Unstable,9.07,4,7,29,6,1.73,64,Denied
Medium,-0.33,Delayed,Occasional,Stable,9.08,15,4,43,37,7.86,85,Denied
Low,-0.55,On-time,Rare,Semi-Stable,9.81,5,0,31,38,5.45,112,Denied
Low,-0.38,Delayed,Rare,Stable,10.7,8,8,29,43,5.76,80,Denied
Medium,-0.62,On-time,Rare,Unstable,4.88,15,7,86,17,6.31,140,Denied
Low,-0.23,Delayed,Rare,Stable,1.24,2,5,41,40,2.88,114,Denied
Low,-0.17,On-time,Occasional,Unstable,6.21,7,9,27,31,8.78,21,Denied
Low,0.86,Missed,Rare,Unstable,9.13,11,8,5,13,9.33,122,Denied
Medium,-0.14,Missed,Rare,Semi-Stable,2.78,12,3,33,5,2.7,54,Denied
Medium,-0.51,Delayed,Occasional,Stable,7,13,3,19,35,8.43,118,Denied
High,0.04,On-time,Occasional,Unstable,1.31,0,3,21,36,5.09,130,Denied
Medium,0.77,On-time,Rare,Semi-Stable,7.54,19,4,2,15,5.46,78,Approved
Low,0.79,Delayed,Frequent,Stable,11.9,12,7,7,17,9.51,144,Approved
Low,0.14,Delayed,Frequent,Unstable,3.34,16,2,14,1,7.5,125,Denied
High,0.11,On-time,Occasional,Stable,2.27,19,8,61,40,3.86,59,Approved
Medium,-0.73,Missed,Rare,Semi-Stable,8.33,13,5,86,8,2.02,106,Denied
High,0.72,Delayed,Occasional,Semi-Stable,1.45,17,5,7,27,2.96,100,Denied
Medium,0.32,Delayed,Occasional,Semi-Stable,9.27,18,3,81,28,7.89,6,Approved
Low,0.24,Delayed,Rare,Stable,3.06,2,1,76,21,4.88,133,Approved
High,0.06,Missed,Frequent,Semi-Stable,3.29,2,7,75,44,6.09,84,Denied
High,0.33,On-time,Rare,Unstable,4.16,7,5,3,18,6.66,58,Denied
High,-0.59,Delayed,Frequent,Unstable,3.58,6,0,49,26,8.96,129,Denied
High,0.78,Delayed,Frequent,Unstable,2.63,18,2,91,7,5.43,16,Denied
Low,0.49,Delayed,Frequent,Unstable,7.43,10,0,6,11,3.63,76,Denied
High,0.8,On-time,Frequent,Stable,5.74,18,7,86,40,4.04,133,Approved
Medium,-0.72,Missed,Occasional,Semi-Stable,7.59,15,8,58,29,9.15,65,Denied
High,-0.33,Missed,Occasional,Unstable,3.91,8,8,95,43,9.92,77,Denied
Low,0.72,Delayed,Occasional,Stable,2.45,4,5,48,41,7.97,56,Approved
High,-0.86,On-time,Occasional,Semi-Stable,1.64,6,0,42,28,6.81,60,Denied
Low,-0.18,On-time,Occasional,Unstable,11.29,4,5,34,44,4.31,97,Denied
Medium,-0.49,Delayed,Frequent,Stable,5.7,9,5,99,11,8.18,6,Denied
Low,0.59,On-time,Frequent,Semi-Stable,1.06,19,1,9,37,9.89,108,Denied
High,-0.71,Delayed,Frequent,Stable,11.08,2,2,87,20,4.46,139,Denied
Medium,-0.29,Delayed,Frequent,Stable,6.24,19,6,99,20,5.75,116,Approved
Low,0.29,Missed,Frequent,Semi-Stable,11.07,2,9,10,16,1.37,25,Denied
Low,-0.71,On-time,Rare,Stable,4.27,6,7,21,14,7.44,117,Denied
High,0.28,Delayed,Occasional,Stable,6.88,3,0,22,22,6.36,39,Approved
Medium,0.17,Delayed,Frequent,Stable,1.67,16,6,15,8,7.02,134,Denied
High,0.47,On-time,Occasional,Semi-Stable,8.79,1,1,40,24,6.31,117,Denied
Low,-0.74,Delayed,Frequent,Semi-Stable,8.68,9,6,15,35,3.68,6,Denied
High,0.66,Delayed,Frequent,Unstable,7.13,2,1,44,8,3.66,140,Denied
High,-0.58,On-time,Frequent,Unstable,11.95,6,7,84,24,8.45,45,Denied
Low,0.52,On-time,Occasional,Stable,4.6,6,3,53,19,5.46,19,Approved
High,-0.49,Missed,Occasional,Unstable,8.34,0,5,76,34,4.92,17,Denied
Medium,-0.82,On-time,Frequent,Stable,6.34,7,2,89,12,5.41,82,Denied
Low,0.02,Missed,Rare,Unstable,2.36,17,1,3,31,1.38,38,Denied
Medium,0.81,On-time,Occasional,Semi-Stable,10.07,17,3,85,36,8.65,112,Approved
Medium,-0.13,Missed,Frequent,Semi-Stable,2.27,4,3,7,37,1.84,34,Denied
High,0.91,Missed,Frequent,Semi-Stable,1.46,14,9,2,49,2.99,106,Denied
Medium,0.89,Missed,Frequent,Stable,2.33,11,0,96,44,7.46,120,Denied
High,-0.05,Missed,Frequent,Semi-Stable,5.99,16,5,37,46,3.78,114,Denied
Low,0.9,Missed,Rare,Unstable,7.52,0,7,70,9,3.79,90,Denied
Medium,-0.33,Missed,Frequent,Semi-Stable,11.32,3,2,19,28,1.11,104,Denied
Low,0.57,Missed,Rare,Unstable,4.01,15,1,59,37,5.5,117,Denied
High,-0.27,On-time,Frequent,Stable,6.31,17,9,84,34,4.18,140,Approved
High,0.18,Delayed,Frequent,Stable,6.96,3,9,24,3,1.38,49,Approved
Low,0.39,Delayed,Rare,Unstable,1.48,3,2,29,25,9.2,40,Denied
High,-0.56,Delayed,Frequent,Unstable,9.64,4,3,69,16,7.55,24,Denied
Low,-0.77,On-time,Occasional,Unstable,3.23,15,3,79,49,8.88,7,Denied
Low,0.68,Delayed,Occasional,Unstable,2.1,9,1,85,26,2.87,7,Denied
High,0.98,Delayed,Frequent,Unstable,1.77,2,5,1,16,6.24,10,Denied
Low,-0.49,Delayed,Frequent,Semi-Stable,1.73,17,9,78,39,7.49,46,Denied
Low,1,Missed,Rare,Semi-Stable,10.84,15,6,59,2,6.95,22,Denied
High,0.3,Missed,Occasional,Unstable,11.12,10,3,35,25,2.68,132,Denied
Medium,-0.91,Missed,Occasional,Stable,5.39,8,0,90,6,1.17,73,Denied
Low,-0.1,Missed,Frequent,Semi-Stable,4.92,13,9,21,33,9.13,149,Denied
Low,-0.63,On-time,Frequent,Stable,1.23,15,0,52,30,2.98,91,Denied
High,0.15,On-time,Frequent,Semi-Stable,1.54,6,6,44,21,5.69,146,Denied
Low,-0.22,Missed,Occasional,Stable,6.42,14,5,5,17,2.5,76,Denied
Low,0.67,Missed,Rare,Stable,3.7,4,0,0,1,5.75,63,Denied
Medium,-0.36,Delayed,Frequent,Semi-Stable,6.73,19,8,1,10,4.78,52,Denied
Low,-0.69,On-time,Occasional,Semi-Stable,2.14,1,2,99,10,2.72,121,Denied
Low,-0.36,On-time,Rare,Stable,1.82,1,6,46,27,5.71,57,Denied
Low,-0.37,Delayed,Occasional,Stable,8.22,6,6,33,41,6.17,32,Denied
High,-0.05,Delayed,Frequent,Stable,11.82,14,0,32,43,1.21,36,Approved
Low,0.25,Delayed,Occasional,Stable,7.91,9,9,80,28,8.46,105,Approved
High,0.66,Delayed,Occasional,Unstable,7.67,13,3,86,10,7.78,122,Denied
Medium,0.82,Missed,Occasional,Semi-Stable,9.78,10,9,1,9,7.88,7,Denied
Low,0.14,Missed,Occasional,Unstable,2.79,1,4,46,20,2.03,13,Denied
High,-0.77,Delayed,Rare,Stable,11.14,2,8,19,0,3.13,15,Denied
Medium,-0.47,On-time,Rare,Stable,1.82,1,2,55,45,5.72,66,Denied
Medium,0.29,Delayed,Occasional,Semi-Stable,2.89,14,8,20,33,3.09,5,Approved
High,-0.83,On-time,Rare,Unstable,6.31,3,2,88,43,4.09,140,Denied
Medium,0.26,On-time,Rare,Semi-Stable,2.94,5,9,10,16,1.34,35,Approved
High,-0.16,Missed,Rare,Stable,8.28,14,6,29,37,7.84,98,Denied
High,-0.93,Missed,Frequent,Stable,3.83,2,8,98,41,1.15,98,Denied
High,-0.19,Delayed,Occasional,Semi-Stable,5.96,2,5,95,30,4.72,17,Approved
Low,0.34,On-time,Frequent,Semi-Stable,1.25,14,3,27,43,3.45,44,Denied
Low,-0.85,Missed,Frequent,Unstable,11.33,4,3,73,38,4.49,40,Denied
High,0.3,Delayed,Occasional,Unstable,10.14,9,1,10,35,8.67,145,Denied
High,0.91,On-time,Occasional,Semi-Stable,6.68,12,4,54,36,2.58,147,Approved
Low,0.53,Delayed,Occasional,Stable,5.07,15,1,86,38,4.48,143,Approved
Medium,-0.57,Delayed,Frequent,Stable,3.66,17,2,85,10,1.35,87,Denied
Medium,0.98,On-time,Frequent,Stable,9.64,0,4,51,37,3.17,61,Denied
Low,-0.48,Delayed,Occasional,Semi-Stable,6.52,0,4,16,5,7.96,39,Denied
Low,0.17,Missed,Rare,Stable,9.19,2,7,2,41,6.42,106,Denied
High,0.25,Delayed,Rare,Semi-Stable,2.74,15,4,40,29,7.93,42,Approved
Low,-0.94,Delayed,Rare,Stable,6.73,6,8,86,11,4.29,127,Denied
Medium,-0.06,Delayed,Rare,Unstable,11.89,19,8,86,4,4.49,134,Denied
Medium,0.21,On-time,Rare,Unstable,1.4,1,8,58,38,1.18,37,Denied
High,-0.05,Delayed,Frequent,Stable,3.44,4,0,0,19,9.25,74,Approved
High,-0.99,Missed,Rare,Unstable,11.63,6,4,43,6,4.59,51,Denied
Medium,0.1,Delayed,Rare,Semi-Stable,11.65,14,5,54,20,6.06,24,Approved
Medium,-0.02,Delayed,Rare,Unstable,8.1,1,7,59,47,6.59,74,Denied
Low,0.21,Delayed,Rare,Stable,6.41,8,4,48,6,3.24,2,Approved
High,-0.1,On-time,Occasional,Semi-Stable,4.73,18,8,90,39,8.05,42,Approved
Low,-0.98,On-time,Frequent,Unstable,7.39,13,6,68,28,3.25,95,Denied
High,-0.21,Missed,Occasional,Unstable,3.48,8,7,35,5,4.56,98,Denied
Medium,-0.08,On-time,Occasional,Semi-Stable,10.9,16,9,26,42,7.83,91,Approved
High,-0.18,On-time,Frequent,Stable,10.47,19,8,81,9,9.96,108,Approved
Medium,0.64,Missed,Occasional,Semi-Stable,11.63,4,1,74,33,5.68,8,Denied
Low,0.98,Delayed,Rare,Unstable,6.9,6,4,38,14,5.64,51,Denied
Medium,-0.24,Delayed,Frequent,Stable,8.74,1,4,7,12,8.44,39,Denied
Medium,0.32,Missed,Occasional,Stable,1.62,10,9,9,37,4.89,5,Denied
Low,0.83,On-time,Frequent,Semi-Stable,2.43,2,6,37,45,3.86,44,Approved
Low,0.96,Missed,Rare,Semi-Stable,5.49,4,8,41,24,4.12,51,Denied
Low,-0.8,Missed,Frequent,Stable,5.44,0,5,38,18,6.89,57,Denied
Low,0.03,On-time,Occasional,Semi-Stable,6.67,18,1,60,41,5.95,0,Approved
High,-0.03,Delayed,Occasional,Stable,3.74,16,5,89,18,8.44,135,Approved
Medium,0.95,Missed,Occasional,Unstable,4.51,7,0,81,21,4.14,107,Denied
Low,-0.91,Delayed,Rare,Stable,8.29,18,1,75,40,3.61,123,Denied
Medium,0.65,On-time,Occasional,Stable,6.14,16,9,18,22,2.39,98,Approved
Low,-0.44,Delayed,Frequent,Unstable,10.67,5,1,8,17,5.33,33,Denied
Medium,-0.4,On-time,Frequent,Semi-Stable,8.76,11,2,26,21,7.33,95,Denied
Low,-0.4,Delayed,Rare,Stable,3.71,9,0,42,34,6.07,57,Denied
Medium,0.05,Missed,Frequent,Semi-Stable,11.8,6,6,56,39,4.67,91,Denied
High,0.8,Delayed,Rare,Unstable,2.06,16,6,22,38,7.3,41,Denied
High,-0.31,Delayed,Rare,Unstable,1.23,6,3,46,0,2.37,63,Denied
Low,0.48,Delayed,Rare,Stable,7.52,9,7,61,12,4.58,32,Approved
Medium,-0.78,Delayed,Frequent,Semi-Stable,11.38,6,1,3,28,5.8,51,Denied
Low,-0.72,Delayed,Rare,Semi-Stable,8.61,15,2,77,27,1.33,23,Denied
Low,0.65,On-time,Frequent,Unstable,10.46,9,8,24,33,6.08,61,Denied
Low,-0.7,Delayed,Frequent,Stable,11.83,17,4,6,39,3.46,52,Denied
Medium,-0.81,Missed,Rare,Stable,1.55,8,0,69,35,1.09,77,Denied
Medium,0.95,On-time,Occasional,Unstable,3.6,10,3,83,22,3.29,140,Denied
Low,-0.84,On-time,Rare,Semi-Stable,5.55,10,8,82,23,5.39,117,Denied
High,-0.13,Delayed,Occasional,Stable,11.08,2,4,75,11,8.37,8,Approved
Low,0.79,Missed,Frequent,Semi-Stable,2.09,0,3,17,16,7.54,129,Denied
Low,0.28,Missed,Frequent,Stable,5.8,2,9,49,49,7.24,27,Denied
Low,-0.75,On-time,Rare,Semi-Stable,2.63,16,4,54,22,8.05,19,Denied
Medium,0.25,Delayed,Frequent,Unstable,9.37,7,1,74,12,7.1,99,Denied
Medium,0.73,Delayed,Rare,Semi-Stable,7.49,2,6,84,43,1.62,13,Approved
Medium,0.55,On-time,Rare,Stable,8.8,19,9,27,36,3.66,58,Approved
High,-0.52,On-time,Rare,Stable,5.14,7,1,70,0,8.12,23,Denied
Low,-0.64,On-time,Frequent,Semi-Stable,7.38,10,0,74,21,6.58,121,Denied
Medium,0.23,Missed,Occasional,Unstable,3.12,3,5,91,13,6.57,118,Denied
Low,0.29,Delayed,Rare,Semi-Stable,4.86,13,2,36,25,1.31,32,Approved
High,-0.54,On-time,Rare,Unstable,1.97,6,0,38,14,4.35,51,Denied
Low,0.36,Missed,Occasional,Stable,2.08,3,0,42,38,1.41,56,Denied
Low,0.52,Delayed,Rare,Semi-Stable,9.54,9,6,2,6,6.43,63,Approved
High,0.55,On-time,Occasional,Semi-Stable,1.1,4,6,23,22,8.65,43,Denied
Low,0.13,Missed,Frequent,Stable,1.31,16,6,67,41,7.11,76,Denied
Low,0.9,Delayed,Rare,Stable,8.38,5,2,49,42,3.12,7,Approved
Medium,0.48,On-time,Rare,Semi-Stable,9.5,2,5,53,15,1.45,32,Approved
Low,0.32,On-time,Frequent,Semi-Stable,11.57,5,8,1,1,8.35,133,Approved
Medium,0.03,Missed,Rare,Stable,8.15,2,8,46,32,6.69,108,Denied
Medium,-0.22,Missed,Rare,Unstable,8.53,8,5,83,47,4.43,55,Denied
High,-0.82,Missed,Occasional,Semi-Stable,9.33,3,0,52,22,3.39,21,Denied
High,0.1,Missed,Occasional,Semi-Stable,1.61,16,7,11,36,9.92,129,Denied
Low,0.49,On-time,Occasional,Stable,9.35,12,7,53,14,2.86,70,Approved
Low,0.72,Delayed,Rare,Stable,2.24,16,6,9,11,2.31,115,Approved
Medium,0.36,Delayed,Frequent,Stable,6.5,1,6,11,38,7.26,51,Denied
Medium,-0.17,On-time,Occasional,Unstable,11.02,11,4,56,30,1.08,59,Denied
High,0.03,On-time,Occasional,Unstable,11.78,11,0,91,24,9.72,58,Denied
Medium,-0.49,Missed,Frequent,Semi-Stable,1.19,16,3,81,12,4.54,29,Denied
Medium,0.12,On-time,Occasional,Stable,9.74,6,7,60,47,6.99,148,Approved
High,-0.75,On-time,Frequent,Stable,7.36,10,0,34,33,7.94,87,Denied
Low,0.32,Missed,Occasional,Stable,6.18,16,3,58,25,8.89,116,Denied
High,0.35,Delayed,Rare,Unstable,10.39,12,7,35,17,1.76,119,Denied
High,0.16,Missed,Rare,Stable,2.24,5,7,10,32,1.51,57,Denied
Medium,0.79,Missed,Rare,Stable,2.21,13,7,93,26,6.35,77,Denied
High,0.77,On-time,Occasional,Semi-Stable,3.78,12,7,59,32,6.68,57,Approved
Low,-0.08,Missed,Rare,Stable,3.24,13,7,12,44,2.46,108,Denied
Low,0.8,Missed,Rare,Unstable,11.61,15,6,54,34,2.48,108,Denied
Low,0.63,On-time,Frequent,Semi-Stable,1.03,14,3,86,38,9.77,89,Denied
High,-0.75,On-time,Frequent,Semi-Stable,9.37,2,1,29,42,6.62,47,Denied
Medium,-0.37,On-time,Frequent,Stable,10.91,18,5,99,22,2.29,14,Denied
Low,-0.12,Missed,Occasional,Unstable,4.88,14,6,52,26,7.33,118,Denied
Low,0.94,On-time,Rare,Semi-Stable,1.43,12,6,47,43,8.58,82,Denied
Medium,0.81,On-time,Rare,Unstable,11.75,13,5,92,0,5.38,23,Denied
Low,0.3,Missed,Occasional,Unstable,6.64,1,2,40,36,3.97,90,Denied
Low,0.47,On-time,Occasional,Stable,4.81,0,8,9,33,9.82,48,Denied
Low,0.92,Missed,Occasional,Semi-Stable,10.32,19,5,3,31,3.18,3,Denied
Medium,-0.69,Missed,Occasional,Stable,8.86,0,8,99,26,4.36,125,Denied
Low,-0.47,On-time,Occasional,Stable,6.36,0,1,93,45,7.9,41,Denied
Medium,-0.19,On-time,Occasional,Stable,4.12,10,4,94,11,5.72,99,Approved
High,-0.23,Delayed,Occasional,Unstable,1.29,13,8,70,15,5.93,53,Denied
High,-0.75,On-time,Occasional,Semi-Stable,8.07,2,4,54,6,4.89,0,Denied
Medium,0.04,On-time,Rare,Semi-Stable,8.55,9,2,79,14,8.23,45,Approved
Medium,-0.29,Missed,Frequent,Stable,6.42,3,1,76,3,9.03,136,Denied
Low,-0.43,Missed,Rare,Stable,9.03,2,7,30,21,5.68,120,Denied
Low,-0.95,Missed,Frequent,Stable,10.17,8,2,56,8,1.32,143,Denied
Low,0.6,Missed,Rare,Semi-Stable,8.24,12,8,52,34,8.13,67,Denied
High,0.97,Delayed,Rare,Unstable,8.44,14,6,18,39,7.94,90,Denied
Medium,-0.55,On-time,Rare,Semi-Stable,2.47,11,8,68,4,5.73,56,Denied
High,0.64,Missed,Rare,Unstable,6.28,10,8,21,11,9.73,4,Denied
Low,-0.75,Delayed,Rare,Stable,2.54,15,7,60,25,4.89,113,Denied
Medium,0.51,Delayed,Frequent,Unstable,10.53,18,0,39,28,7.02,50,Denied
High,0.71,Delayed,Rare,Unstable,7.03,16,8,75,26,5.7,73,Denied
Low,0.13,Delayed,Occasional,Semi-Stable,7.35,19,5,11,28,3.63,140,Approved
Medium,0.15,Missed,Frequent,Unstable,9.56,5,0,74,43,7.76,95,Denied
Medium,0.69,Missed,Frequent,Stable,9.48,0,2,36,2,9.88,76,Denied
Low,0.34,Delayed,Occasional,Semi-Stable,4.91,14,4,29,33,2.06,65,Approved
Medium,0.24,Delayed,Rare,Unstable,7.75,12,3,23,29,2.69,117,Denied
Low,0.96,Delayed,Frequent,Semi-Stable,5.51,18,5,26,22,2.56,8,Approved
Medium,0.41,Delayed,Occasional,Semi-Stable,2.45,13,0,40,14,3.06,2,Approved
High,0.32,Missed,Frequent,Stable,1.92,8,3,80,34,5.43,101,Denied
Medium,0.1,On-time,Rare,Unstable,9.41,14,1,95,8,5.76,103,Denied
Low,0.39,Missed,Occasional,Stable,6.66,4,1,25,2,2.99,12,Denied
Low,-0.15,Missed,Frequent,Semi-Stable,6.82,8,0,60,36,6.19,93,Denied
High,-0.88,Missed,Occasional,Stable,5.41,11,2,53,30,2.62,78,Denied
Medium,-0.57,Missed,Occasional,Unstable,10.07,3,1,72,5,3.19,65,Denied
High,-0.01,Delayed,Rare,Unstable,5.84,15,3,90,22,1.4,41,Denied
Medium,0.42,Delayed,Occasional,Stable,1.21,15,1,7,35,5.86,48,Denied
Medium,-0.96,Missed,Rare,Semi-Stable,1.09,7,9,26,8,1.98,75,Denied
High,-0.9,Delayed,Occasional,Unstable,10.48,18,9,31,29,9.86,48,Denied
Low,0.99,Missed,Rare,Unstable,6.37,5,4,0,19,5.75,21,Denied
Low,-0.69,Missed,Rare,Semi-Stable,4.03,5,3,67,0,8.6,27,Denied
High,0.92,Missed,Occasional,Semi-Stable,3.44,15,7,12,31,9.75,89,Denied
High,-0.03,Missed,Frequent,Stable,4.84,12,5,10,19,7.76,53,Denied
Low,0.59,Delayed,Occasional,Stable,2.89,2,0,40,35,2.92,29,Approved
Low,-0.54,On-time,Frequent,Unstable,8.64,2,8,40,33,5.08,91,Denied
Low,-0.74,Delayed,Rare,Unstable,1.54,15,0,83,19,6.39,112,Denied
Medium,0.46,On-time,Occasional,Unstable,5.98,17,2,43,48,9.13,127,Denied
Medium,-0.2,Missed,Occasional,Stable,8.64,3,7,53,38,2.71,45,Denied
High,0.48,Delayed,Occasional,Stable,8.63,13,5,83,48,6.52,98,Approved
Low,0.08,On-time,Rare,Stable,7.48,15,6,99,29,5.72,111,Approved
High,-0.04,Delayed,Occasional,Unstable,4.68,6,1,50,19,4.3,80,Denied
Low,-0.26,Missed,Occasional,Semi-Stable,2.98,13,6,73,26,2.11,149,Denied
Medium,0.41,Delayed,Rare,Stable,1.71,8,6,62,45,1.53,120,Denied
Low,0.82,Delayed,Occasional,Unstable,1.06,13,2,88,24,7.21,21,Denied
Low,0.04,Missed,Occasional,Semi-Stable,8.55,11,8,86,15,5.08,9,Denied
Low,-0.06,Missed,Rare,Semi-Stable,10.3,12,7,80,7,9.57,19,Denied
High,0.34,On-time,Occasional,Stable,1.41,6,9,17,4,6.05,107,Denied
High,-0.68,On-time,Frequent,Unstable,1.44,1,1,49,19,7.69,20,Denied
High,-0.13,Delayed,Occasional,Semi-Stable,4.87,9,9,31,3,5.32,121,Approved
Low,-0.57,Delayed,Frequent,Semi-Stable,7.31,7,8,9,31,3.6,99,Denied
High,0.96,On-time,Occasional,Semi-Stable,2.43,15,7,21,8,3.28,149,Approved
High,0.03,Delayed,Frequent,Unstable,2.44,8,9,52,4,7.66,28,Denied
Medium,0.1,Delayed,Rare,Unstable,1.59,1,9,76,29,2.39,28,Denied
High,-0.88,Missed,Rare,Semi-Stable,6.42,18,1,46,35,2.87,64,Denied
High,-0.48,Missed,Occasional,Stable,3.39,4,3,54,2,7.21,79,Denied
Low,-0.91,Missed,Frequent,Stable,3.75,18,3,73,31,5.4,54,Denied
Medium,0.38,On-time,Rare,Unstable,9.98,7,2,84,32,4.35,70,Denied
Medium,0.27,Missed,Rare,Unstable,8.67,3,2,15,32,7.56,25,Denied
High,-0.61,On-time,Occasional,Stable,1.91,7,2,44,17,8.6,56,Denied
Low,0.68,Delayed,Occasional,Stable,5.79,7,4,69,16,9.58,86,Approved
Medium,-0.36,On-time,Occasional,Semi-Stable,6.11,3,5,96,17,5.22,9,Denied
Low,-0.9,Delayed,Frequent,Stable,7.55,5,3,25,26,1.31,19,Denied
High,0.06,On-time,Occasional,Stable,5.65,10,2,2,5,9.16,28,Approved
Low,-0.16,Delayed,Occasional,Semi-Stable,8.09,0,0,25,31,3.93,21,Denied
Low,0.16,Delayed,Rare,Unstable,5.46,19,4,37,11,6.75,88,Denied
High,-0.87,On-time,Frequent,Stable,11.9,14,6,80,23,2.79,115,Denied
High,0.53,Missed,Rare,Stable,8.98,3,2,33,6,7.53,78,Denied
High,-0.23,On-time,Frequent,Unstable,10.41,15,8,82,37,4.11,37,Denied
Medium,0.59,Delayed,Occasional,Stable,10.86,3,5,58,31,3.09,139,Approved
Low,0.34,On-time,Rare,Semi-Stable,9.73,0,7,36,37,4.62,96,Denied
Medium,0.51,Missed,Frequent,Semi-Stable,2.92,11,8,82,46,4.53,88,Denied
Low,0.84,On-time,Frequent,Semi-Stable,6.04,2,4,95,14,4.03,115,Approved
Medium,-0.7,Missed,Frequent,Semi-Stable,4.37,3,4,49,9,6.71,67,Denied
Medium,-0.35,Missed,Occasional,Stable,11.54,2,9,35,19,3.38,81,Denied
Medium,0.9,On-time,Rare,Unstable,8.16,10,4,34,32,3.46,84,Denied
Low,0.74,Missed,Rare,Semi-Stable,5.23,16,7,41,44,1.51,128,Denied
Low,0.99,On-time,Frequent,Unstable,9,15,2,29,47,4.21,67,Denied
High,0.13,Delayed,Rare,Semi-Stable,3.16,15,7,83,2,3.04,93,Approved
High,0.67,Delayed,Rare,Stable,6.82,0,1,62,31,8.06,94,Denied
Medium,0.76,Missed,Frequent,Stable,5.23,2,8,64,0,4.19,53,Denied
High,-0.72,Delayed,Frequent,Unstable,6.5,9,9,38,13,3.01,87,Denied
Medium,-0.11,Delayed,Frequent,Stable,8.83,6,7,95,29,7.53,81,Approved
Low,0.14,On-time,Frequent,Semi-Stable,9.35,7,6,85,42,5.46,130,Approved
High,0.56,Delayed,Rare,Semi-Stable,11.2,17,8,75,17,5.53,13,Approved
High,-0.12,Delayed,Rare,Unstable,2.05,11,6,82,2,8.88,71,Denied
High,-0.86,Missed,Occasional,Stable,1.42,3,9,75,48,8.02,102,Denied
High,0.09,Missed,Frequent,Unstable,8.55,19,0,29,35,4.76,100,Denied
High,0.86,On-time,Frequent,Unstable,10.67,9,6,85,15,9.33,56,Denied
Medium,-0.52,Missed,Frequent,Stable,8.7,3,4,70,25,3.29,4,Denied
Low,-0.15,Missed,Rare,Semi-Stable,3.71,12,2,14,28,3.12,59,Denied
High,0.33,On-time,Frequent,Stable,8.52,14,9,56,0,6.74,4,Approved
Medium,0.95,Delayed,Occasional,Semi-Stable,4.18,17,8,28,25,2.41,115,Approved
Low,0.78,Delayed,Occasional,Stable,9.5,11,9,62,46,9.12,88,Approved
Medium,-0.29,Delayed,Rare,Unstable,11.17,1,6,95,37,3.65,27,Denied
Low,0.14,Missed,Rare,Stable,1.42,6,7,45,19,7.3,49,Denied
High,-0.67,Missed,Occasional,Unstable,10.92,11,8,41,19,8.35,47,Denied
Low,0.47,Missed,Occasional,Unstable,4.67,0,2,82,48,8.35,147,Denied
High,0.2,Delayed,Occasional,Unstable,1.64,17,2,80,32,6.37,144,Denied
High,0.84,Delayed,Occasional,Stable,7.09,19,1,94,29,6.61,80,Approved
Low,0.56,Delayed,Rare,Semi-Stable,9.99,4,8,98,6,1.27,92,Approved
High,-0.21,Delayed,Rare,Semi-Stable,2.05,18,5,96,1,6.36,53,Approved
High,0.06,On-time,Rare,Semi-Stable,8.89,6,9,7,27,1.04,122,Approved
Low,-0.25,Delayed,Occasional,Unstable,2.09,1,4,47,32,3.37,18,Denied
High,-0.47,Delayed,Rare,Stable,2.94,13,1,77,3,4.11,49,Denied
Low,0.81,Missed,Frequent,Unstable,4.64,19,7,55,42,2.19,41,Denied
High,-0.88,Missed,Frequent,Stable,10.14,9,3,81,26,6.1,124,Denied
Medium,0.36,On-time,Rare,Stable,3.23,17,6,53,17,2.89,144,Approved
High,-0.5,Delayed,Occasional,Stable,10.2,18,5,64,6,4.28,103,Denied
Low,-0.48,On-time,Occasional,Semi-Stable,1.71,9,1,65,18,1.54,101,Denied
High,-0.86,Delayed,Rare,Unstable,5.41,16,4,21,40,6.93,0,Denied
High,0.06,Delayed,Frequent,Stable,4.69,18,8,48,8,5.02,124,Approved
High,0.76,Delayed,Frequent,Semi-Stable,1.67,17,9,2,35,3.05,16,Denied
High,0.94,Missed,Rare,Unstable,5.33,18,1,65,4,2.18,10,Denied
High,-0.45,On-time,Occasional,Stable,3.26,17,1,14,11,3.69,56,Denied
Medium,-0.57,On-time,Occasional,Semi-Stable,6.99,7,5,24,27,3.48,25,Denied
Medium,-0.39,On-time,Rare,Stable,9.58,7,3,63,0,6.46,25,Denied
Medium,0.86,Delayed,Frequent,Unstable,1.42,11,5,16,28,3.08,49,Denied
Medium,-0.46,Delayed,Occasional,Stable,10.48,14,3,80,40,8.13,144,Denied
High,0.86,Delayed,Occasional,Semi-Stable,4.89,16,0,30,39,4.39,5,Approved
High,0.99,Missed,Rare,Stable,3.41,11,1,17,38,6.72,136,Denied
Medium,0.65,Missed,Occasional,Unstable,1.78,6,3,36,46,7.61,7,Denied
Low,-0.12,On-time,Rare,Semi-Stable,4.07,16,7,66,6,2.95,86,Approved
Medium,0.97,Missed,Frequent,Unstable,3.99,2,3,57,5,2.39,18,Denied
Low,-0.8,Delayed,Occasional,Stable,6.46,19,4,13,1,9.39,126,Denied
Medium,-0.67,Delayed,Frequent,Unstable,9.88,10,2,81,23,9.37,111,Denied
High,-0.05,Delayed,Frequent,Stable,4.98,19,4,92,14,1.58,133,Approved
High,0.64,On-time,Occasional,Unstable,7.02,13,4,35,19,9.27,65,Denied
Medium,0.4,On-time,Frequent,Semi-Stable,6.46,17,0,0,34,6.42,39,Approved
Medium,-0.39,Missed,Rare,Unstable,3.88,15,5,8,24,4.22,62,Denied
Medium,0.77,On-time,Rare,Stable,10.53,19,8,60,23,8.06,2,Approved
High,0.55,Delayed,Occasional,Stable,1.36,19,9,15,14,5.47,115,Denied
Medium,-0.66,Delayed,Frequent,Unstable,2.9,4,0,94,33,3.63,31,Denied
Low,-0.78,Missed,Occasional,Stable,1.2,19,2,35,36,9.75,88,Denied
Medium,0.33,Delayed,Occasional,Stable,2.77,3,1,68,45,2.06,129,Approved
High,0.9,On-time,Occasional,Stable,1.96,13,8,50,47,1.04,68,Denied
Medium,0.85,On-time,Occasional,Semi-Stable,6.51,9,2,25,30,2.76,26,Approved
Medium,0,Missed,Occasional,Stable,5.56,15,5,2,40,1.75,7,Denied
Medium,0.63,Missed,Rare,Stable,8.26,16,8,46,20,7.88,127,Denied
High,0.12,On-time,Occasional,Unstable,10.31,2,5,40,22,8.02,128,Denied
Low,0.08,Missed,Rare,Semi-Stable,1.14,4,9,37,13,1.62,26,Denied
High,-0.65,Delayed,Rare,Semi-Stable,9.46,11,4,3,22,6.3,109,Denied
High,0.28,Delayed,Occasional,Semi-Stable,11.31,3,4,80,13,5.82,146,Approved
Low,0.48,Missed,Frequent,Stable,11.76,13,5,84,28,6.72,36,Denied
Medium,-0.74,On-time,Occasional,Semi-Stable,5.41,3,8,12,20,8.26,2,Denied
Medium,0.81,Delayed,Frequent,Unstable,10.22,5,8,22,22,9.83,50,Denied
Medium,0.69,Missed,Rare,Unstable,1.5,2,6,29,26,5.09,5,Denied
High,-0.86,Missed,Occasional,Stable,10.92,0,9,88,43,9.72,133,Denied
Low,0.01,On-time,Rare,Stable,7.43,8,1,55,35,7.72,102,Approved
High,-0.12,On-time,Rare,Semi-Stable,1.24,8,2,96,5,7.23,105,Denied
Low,-0.01,On-time,Occasional,Semi-Stable,9.96,12,6,98,26,9.07,35,Approved
Low,0.65,On-time,Rare,Semi-Stable,10.9,19,7,84,38,6.37,109,Approved
Low,0.14,Missed,Occasional,Semi-Stable,8.18,7,5,56,35,5.16,139,Denied
Medium,-0.09,On-time,Occasional,Unstable,10.13,0,3,59,43,6.92,126,Denied
Low,-0.63,Delayed,Frequent,Unstable,2.99,9,4,77,14,5.15,49,Denied
Medium,-0.71,On-time,Frequent,Unstable,6.39,11,7,94,33,9.03,137,Denied
Medium,0.74,Missed,Occasional,Unstable,11.79,14,8,81,11,8.41,87,Denied
Low,0,Missed,Rare,Stable,8.64,16,4,36,14,3.41,107,Denied
Low,0.46,On-time,Rare,Unstable,6.25,2,9,77,44,3.17,0,Denied
High,0.09,Delayed,Rare,Semi-Stable,7.57,13,6,70,34,4.73,118,Approved
Medium,0.81,Delayed,Frequent,Stable,9.07,18,0,69,34,5.93,31,Approved
High,-0.17,Missed,Occasional,Stable,4.78,3,5,53,11,2.02,4,Denied
Low,-0.29,On-time,Occasional,Semi-Stable,3.6,13,3,4,25,2.26,148,Approved
High,-0.58,On-time,Frequent,Stable,9.18,6,8,11,38,5,15,Denied
Low,0.3,Missed,Frequent,Unstable,2.3,2,0,29,46,4.98,142,Denied
Low,-0.34,Missed,Frequent,Semi-Stable,5.33,3,8,28,32,8.59,95,Denied
High,0.25,Delayed,Occasional,Stable,9.03,14,5,52,47,8.71,33,Approved
Medium,-0.41,On-time,Frequent,Semi-Stable,8.95,1,9,39,18,9.94,4,Denied
Medium,0.58,Delayed,Occasional,Unstable,6.53,0,9,84,16,4.09,58,Denied
Medium,-0.52,On-time,Frequent,Stable,11.91,2,9,38,2,7.39,128,Denied
Medium,-0.61,Missed,Occasional,Unstable,10.02,4,1,74,11,8.41,61,Denied
High,0.86,Missed,Rare,Stable,4.05,0,6,25,12,3.75,39,Denied
High,-0.1,On-time,Occasional,Unstable,9.98,17,6,75,42,7.73,54,Denied
Medium,0.18,Missed,Rare,Semi-Stable,8.5,12,8,35,45,5.28,67,Denied
High,0.82,Missed,Rare,Semi-Stable,4.4,1,8,12,25,2.1,122,Denied
Medium,-0.19,Delayed,Rare,Semi-Stable,2.63,3,9,3,3,1.33,38,Approved
Low,-0.51,Missed,Frequent,Stable,7.97,9,4,50,11,1.43,26,Denied
Low,0.98,Missed,Frequent,Unstable,8.52,0,7,87,9,4.41,10,Denied
Medium,-0.74,Missed,Frequent,Semi-Stable,2.89,11,1,22,42,8.62,19,Denied
Low,0.03,Missed,Frequent,Unstable,4.85,1,0,40,48,5.74,137,Denied
Medium,-0.14,On-time,Frequent,Semi-Stable,2.32,16,5,51,10,2.55,35,Approved
Low,0.19,Delayed,Rare,Stable,6.57,14,5,16,25,3.6,28,Approved
Medium,0.8,Missed,Frequent,Semi-Stable,6.09,17,1,83,43,8.05,79,Denied
Medium,-0.81,Delayed,Occasional,Stable,6.38,8,6,75,26,2.35,25,Denied
Medium,-0.15,Delayed,Frequent,Stable,3.68,2,2,7,44,5.56,80,Approved
High,0.07,On-time,Occasional,Stable,2.81,6,7,25,28,4.45,68,Approved
Medium,-0.99,On-time,Rare,Unstable,4.67,7,2,6,42,8.06,59,Denied
Medium,0.68,Missed,Occasional,Unstable,10.77,7,3,57,48,8.89,38,Denied
Low,-0.17,Missed,Frequent,Semi-Stable,1.12,4,8,53,13,6.37,9,Denied
Low,-0.77,Delayed,Rare,Stable,9.77,7,6,31,38,3.3,132,Denied
Low,-0.13,Delayed,Occasional,Stable,10.69,12,6,50,12,1.92,139,Approved
Low,0.67,Missed,Frequent,Semi-Stable,3.22,15,0,16,7,3.16,65,Denied
Low,0.11,Delayed,Frequent,Stable,4.61,9,1,79,20,3.34,51,Approved
Low,-0.81,Delayed,Rare,Unstable,1.14,12,2,97,0,1.02,108,Denied
High,-0.23,Missed,Occasional,Semi-Stable,7.46,12,7,64,34,3.33,32,Denied
High,-0.18,Missed,Rare,Semi-Stable,3.74,19,8,53,36,8.89,3,Denied
Medium,-0.66,Missed,Frequent,Semi-Stable,10.13,10,0,85,12,4.55,34,Denied
Medium,0.98,Delayed,Occasional,Unstable,11.93,17,0,9,26,8.33,101,Denied
Medium,0.47,Delayed,Occasional,Unstable,2.78,11,6,26,24,3.59,25,Denied
Low,-0.73,Missed,Occasional,Semi-Stable,11.37,13,8,66,4,5.74,144,Denied
High,-0.43,Delayed,Rare,Unstable,1.62,4,8,4,27,4.86,36,Denied
Low,0.2,Missed,Frequent,Stable,4.13,6,9,81,7,5.16,75,Denied
Medium,0.89,On-time,Frequent,Semi-Stable,11.32,17,3,98,5,2.54,46,Approved
Low,-0.38,Delayed,Occasional,Stable,1.07,17,5,55,11,2.19,45,Denied
High,-0.92,On-time,Rare,Unstable,1.9,3,2,79,23,2.16,96,Denied
Low,-0.55,Delayed,Rare,Unstable,2.79,6,8,59,42,7.22,66,Denied
Low,-0.55,Delayed,Frequent,Semi-Stable,11.35,12,1,17,20,4.92,64,Denied
High,0.5,On-time,Occasional,Semi-Stable,7.36,14,0,2,7,6.88,146,Approved
Low,0.41,Delayed,Occasional,Stable,5.48,17,8,39,25,8.14,77,Approved
High,-0.75,Missed,Occasional,Semi-Stable,9.84,12,0,67,37,9.71,131,Denied
High,-0.15,Missed,Occasional,Stable,10.44,16,1,83,17,5.08,61,Denied
Low,-0.07,Missed,Rare,Unstable,11.6,19,5,58,31,1.94,90,Denied
High,0.03,Missed,Rare,Semi-Stable,6.53,13,2,17,15,9.7,43,Denied
High,0.05,On-time,Rare,Semi-Stable,9.52,16,4,75,28,7.09,72,Approved
Medium,-0.33,Delayed,Occasional,Semi-Stable,2,4,4,18,46,7.59,29,Denied
High,-0.2,Missed,Frequent,Stable,7.12,4,3,20,25,9.59,131,Denied
Medium,-0.8,Missed,Frequent,Semi-Stable,2.88,18,6,23,2,7.93,66,Denied
High,-0.77,Delayed,Frequent,Semi-Stable,5.2,15,9,81,30,1.39,91,Denied
Medium,0.74,Missed,Occasional,Stable,4.64,18,3,13,12,6.03,143,Denied
High,0.85,Missed,Occasional,Stable,9.98,7,5,96,48,3.76,35,Denied
High,0.73,On-time,Occasional,Stable,9.2,17,6,40,45,3.03,13,Approved
Low,-0.38,Delayed,Frequent,Semi-Stable,6.36,2,4,80,17,4.37,14,Denied
Low,-0.64,Delayed,Occasional,Unstable,6.47,5,3,8,19,9.46,83,Denied
Medium,0.52,On-time,Occasional,Stable,8.02,5,5,37,44,8.82,122,Approved
Low,-0.61,On-time,Occasional,Unstable,7.4,3,3,14,40,5.18,10,Denied
Low,0.96,Delayed,Occasional,Stable,5.26,13,7,77,44,6.66,137,Approved
Medium,-0.09,On-time,Frequent,Unstable,7.17,13,8,37,41,4.32,77,Denied
High,-0.08,Delayed,Occasional,Stable,4.5,5,9,80,46,5.68,141,Approved
Medium,-0.63,Delayed,Frequent,Stable,9.04,18,7,92,37,3.22,31,Denied
Low,-0.53,Missed,Occasional,Semi-Stable,9.77,17,8,96,48,1.81,11,Denied
Low,-0.43,Missed,Occasional,Unstable,11.86,6,7,72,2,9.44,21,Denied
Medium,0.41,Delayed,Rare,Unstable,7.19,17,5,77,46,6.14,2,Denied
Medium,0.93,Delayed,Rare,Stable,11.64,12,3,47,40,2.26,107,Approved
Medium,0.64,On-time,Frequent,Stable,9.07,17,8,80,17,7.84,31,Approved
Low,-0.15,Missed,Frequent,Stable,3.01,1,4,2,32,6.57,37,Denied
Medium,0.27,Missed,Rare,Semi-Stable,11.09,12,4,32,45,9.02,118,Denied
High,-0.96,Missed,Frequent,Unstable,6.03,5,3,73,44,9.07,123,Denied
High,-0.46,Missed,Frequent,Semi-Stable,4.69,5,7,97,2,8.66,44,Denied
Medium,-0.87,Delayed,Occasional,Unstable,11.4,2,7,17,15,3.2,137,Denied
Low,-0.49,Delayed,Occasional,Semi-Stable,2.28,16,6,85,4,6.59,141,Denied
Low,-0.93,Missed,Frequent,Stable,3.62,15,8,70,45,1.09,123,Denied
Medium,0.87,Delayed,Frequent,Semi-Stable,7.49,0,0,52,8,8.36,91,Denied
Low,0.34,On-time,Occasional,Semi-Stable,4.39,6,5,84,43,1.18,15,Approved
High,-0.8,Delayed,Rare,Unstable,10.48,10,6,81,8,2.66,47,Denied
High,-0.56,On-time,Rare,Semi-Stable,10.81,12,8,54,44,8.74,28,Denied
Low,0.35,Missed,Occasional,Unstable,8.9,17,0,47,16,5.48,66,Denied
Medium,0.99,Delayed,Rare,Semi-Stable,8.14,3,6,26,44,3.69,106,Approved
High,0.23,Missed,Occasional,Semi-Stable,9.78,7,8,2,9,8.37,106,Denied
Low,-0.8,Missed,Rare,Stable,11.24,10,5,64,8,3.24,115,Denied
Medium,-0.07,Delayed,Occasional,Unstable,1.8,15,6,57,46,2.9,89,Denied
High,-0.81,Delayed,Frequent,Semi-Stable,5.52,16,3,54,36,7.71,65,Denied
High,0.31,Delayed,Frequent,Unstable,3.33,18,4,46,16,1.58,1,Denied
High,-0.42,On-time,Frequent,Stable,10.2,11,2,17,35,6.87,50,Denied
High,0.33,Missed,Occasional,Unstable,10.74,6,7,55,46,5.74,125,Denied
High,0.38,On-time,Rare,Stable,11.92,8,1,42,24,6.22,85,Approved
Low,0.31,Delayed,Occasional,Unstable,2.4,4,7,11,30,2.63,41,Denied
High,-0.28,Missed,Rare,Stable,4.09,1,0,78,18,3.95,13,Denied
High,-0.78,On-time,Rare,Semi-Stable,5.76,3,1,26,22,5.87,16,Denied
Medium,0.36,On-time,Occasional,Unstable,10.31,2,0,96,16,8.25,120,Denied
High,0.19,Delayed,Frequent,Unstable,7.95,13,6,36,4,4.31,60,Denied
High,-0.78,Missed,Rare,Unstable,11.86,4,2,93,23,5.62,115,Denied
Medium,-0.93,Delayed,Occasional,Unstable,8.62,16,6,18,39,1.17,98,Denied
Medium,0.96,Missed,Frequent,Semi-Stable,6.87,2,2,34,42,9.85,89,Denied
Low,-0.04,Delayed,Frequent,Stable,9.2,15,3,91,40,5.89,1,Approved
High,-0.31,On-time,Frequent,Semi-Stable,8.63,18,3,97,43,5.03,57,Denied
Low,-0.2,On-time,Occasional,Semi-Stable,7.44,14,5,67,18,6.71,35,Approved
Low,-0.19,Delayed,Rare,Unstable,5.5,9,3,1,42,5.06,58,Denied
Medium,-0.66,Missed,Occasional,Unstable,9.15,16,2,73,45,3.29,145,Denied
Low,-0.26,Delayed,Occasional,Semi-Stable,7.81,5,2,84,6,6.77,66,Approved
Medium,0.17,Delayed,Rare,Stable,9.41,0,3,48,0,4.01,86,Denied
Medium,0.73,On-time,Occasional,Unstable,3.93,1,3,38,36,6.19,124,Denied
Low,-0.66,Delayed,Occasional,Semi-Stable,8.84,11,8,90,29,9.94,13,Denied
Low,-0.03,On-time,Rare,Unstable,5.9,11,0,54,16,6.58,76,Denied
Medium,0.94,Missed,Rare,Semi-Stable,5.73,16,9,86,41,8.05,114,Denied
Low,-0.96,Delayed,Occasional,Stable,6.65,11,2,78,16,4.3,83,Denied
Low,0.78,On-time,Occasional,Unstable,1.75,0,2,47,19,8.87,82,Denied
Medium,0.59,On-time,Rare,Stable,7.58,18,5,37,34,8.02,2,Approved
Low,-0.17,On-time,Frequent,Unstable,11.56,7,8,86,37,8.6,133,Denied
Medium,-0.41,On-time,Frequent,Stable,4.85,19,0,19,47,2.37,60,Denied
High,-0.35,On-time,Occasional,Stable,10.63,1,8,77,7,6.87,86,Denied
Low,-0.57,On-time,Frequent,Unstable,6.21,13,8,25,6,8.79,37,Denied
High,0,On-time,Rare,Stable,5.22,5,8,13,28,7.55,82,Approved
Medium,-0.28,On-time,Rare,Stable,3.91,16,7,19,23,9.52,83,Approved
High,0.99,Missed,Frequent,Stable,5.72,1,1,47,45,9.74,6,Denied
Low,-0.54,Missed,Rare,Semi-Stable,2.44,3,0,46,20,5.84,64,Denied
Medium,0.66,On-time,Frequent,Semi-Stable,6.03,16,7,57,18,7.32,141,Approved
High,-0.85,Delayed,Frequent,Semi-Stable,1.45,5,8,95,7,4,116,Denied
Medium,0.72,Missed,Frequent,Semi-Stable,3.86,18,4,46,39,8.08,105,Denied
High,0.12,On-time,Occasional,Stable,2.79,6,1,23,1,4.59,56,Approved
Medium,0.38,On-time,Frequent,Unstable,3.41,9,8,61,37,4.72,109,Denied
Low,0.5,Delayed,Occasional,Stable,6.66,14,7,61,21,6.95,138,Approved
Low,0.41,Missed,Occasional,Stable,4.67,0,8,34,49,6.6,87,Denied
High,0.99,Delayed,Occasional,Semi-Stable,5.53,15,7,81,19,7.6,142,Approved
Low,-0.02,Missed,Rare,Semi-Stable,3.65,0,0,64,11,4.11,30,Denied
High,0.96,Missed,Frequent,Semi-Stable,9.47,18,3,77,20,2.56,95,Denied
Medium,-0.5,On-time,Frequent,Unstable,1.81,18,4,32,23,3.79,39,Denied
Low,-0.62,Delayed,Occasional,Semi-Stable,3.69,15,5,7,8,5.44,149,Denied
Low,-0.88,Delayed,Frequent,Semi-Stable,10.43,5,2,68,35,1.59,89,Denied
Low,-0.41,Delayed,Rare,Semi-Stable,11.12,8,1,8,25,1.68,85,Denied
High,-0.13,Delayed,Rare,Semi-Stable,2.64,4,1,25,27,7.14,96,Approved
Low,-0.49,Missed,Rare,Semi-Stable,3.68,18,9,81,47,7.14,11,Denied
High,0.81,Missed,Occasional,Unstable,2.92,0,2,45,7,3.6,46,Denied
High,0.28,Delayed,Occasional,Unstable,11.47,7,7,56,48,1.39,96,Denied
Medium,0.15,Delayed,Frequent,Stable,2.48,5,2,77,3,7.05,60,Approved
Low,0.24,On-time,Occasional,Unstable,5.14,5,7,87,46,7.01,73,Denied
Medium,0.73,Missed,Frequent,Semi-Stable,1.32,16,3,71,18,6.95,66,Denied
Medium,-0.37,Missed,Frequent,Stable,4.41,8,2,30,33,9.16,49,Denied
Medium,-0.61,Missed,Rare,Semi-Stable,10.92,15,0,77,35,5.86,91,Denied
Low,0.06,Missed,Occasional,Stable,4.24,7,0,80,49,2.18,30,Denied
Low,0.68,Missed,Rare,Semi-Stable,2.78,8,1,23,38,2.2,145,Denied
Medium,0.73,On-time,Occasional,Unstable,2.06,6,5,10,33,9.9,38,Denied
High,-0.52,Missed,Frequent,Stable,4.55,19,9,28,30,1.59,100,Denied
Medium,0.34,Delayed,Frequent,Unstable,3.98,4,4,59,19,9.32,123,Denied
Low,-0.39,Delayed,Occasional,Stable,4.54,11,8,48,16,1.66,104,Denied
Medium,0.84,Missed,Rare,Unstable,4.69,17,4,57,26,3.98,20,Denied
High,0.24,On-time,Frequent,Semi-Stable,10.02,0,8,71,37,9.17,133,Denied
Low,0.67,Delayed,Occasional,Unstable,8.77,19,4,35,25,9.7,1,Denied
High,-0.57,On-time,Rare,Unstable,10.26,3,9,72,4,9.68,99,Denied
Low,0.5,Delayed,Frequent,Semi-Stable,7.61,1,2,96,9,9.32,73,Denied
Low,0.05,On-time,Rare,Stable,6.68,13,9,8,11,2.52,51,Approved
Medium,0.94,On-time,Frequent,Semi-Stable,1.04,18,0,6,3,6.38,109,Denied
Medium,-0.16,On-time,Rare,Semi-Stable,5.52,9,7,71,20,3.19,98,Approved
High,0.62,Delayed,Frequent,Unstable,8.7,5,9,62,37,4,122,Denied
Low,-0.81,Delayed,Rare,Stable,10.81,5,8,73,35,1.71,94,Denied
Medium,-0.87,Missed,Rare,Stable,1.78,10,4,83,46,8.02,67,Denied
Low,-0.72,Delayed,Rare,Unstable,8.55,12,2,75,37,6.6,66,Denied
Low,-0.19,Missed,Occasional,Semi-Stable,6.96,6,5,49,27,3.21,92,Denied
Medium,1,Delayed,Rare,Stable,10,14,6,4,8,2.12,28,Approved
High,0.32,On-time,Rare,Unstable,2.44,17,0,45,9,4.59,70,Denied
High,-0.09,Missed,Rare,Unstable,5.49,3,0,35,11,2.38,46,Denied
Low,0.48,On-time,Rare,Unstable,3.39,1,7,45,7,6.12,99,Denied
Medium,-0.31,On-time,Occasional,Semi-Stable,6.19,3,9,82,25,8.84,5,Denied
Medium,0.81,On-time,Occasional,Unstable,3.8,10,7,8,4,2.02,91,Denied
High,0.14,On-time,Frequent,Semi-Stable,8.18,0,6,91,46,7.34,145,Denied
Medium,-0.4,On-time,Rare,Stable,8.29,7,5,42,29,6.42,137,Denied
Low,-0.94,On-time,Occasional,Unstable,3.11,18,5,20,45,5.67,113,Denied
Medium,-0.32,Missed,Occasional,Unstable,6.88,19,5,5,32,9.94,17,Denied
Low,-0.31,On-time,Rare,Stable,11.33,14,3,15,22,4.5,52,Denied
Low,-0.62,On-time,Frequent,Semi-Stable,6.2,16,2,46,16,8.43,87,Denied
High,-0.22,On-time,Frequent,Semi-Stable,1.17,8,9,39,47,1.91,83,Denied
Low,0.99,Missed,Occasional,Stable,1.34,16,0,48,26,9.17,91,Denied
Medium,-0.21,Delayed,Rare,Semi-Stable,10.03,8,2,55,46,3.54,34,Approved
Medium,0.61,Delayed,Rare,Stable,8.01,2,6,18,11,9.01,9,Approved
Medium,0.46,On-time,Frequent,Stable,6.87,17,9,16,5,5.39,149,Approved
Medium,0.19,Delayed,Occasional,Semi-Stable,4.13,7,2,56,34,8.32,104,Approved
High,-0.96,Delayed,Rare,Stable,11.28,5,8,29,7,4.6,5,Denied
High,0,On-time,Rare,Unstable,7.94,17,9,10,14,3.06,116,Denied
Low,0.12,Missed,Occasional,Stable,7.62,6,3,21,29,8.05,4,Denied
Medium,-0.05,Delayed,Rare,Unstable,4.35,8,6,9,30,2.75,73,Denied
Medium,-0.13,On-time,Frequent,Semi-Stable,8.17,10,0,77,37,9.6,65,Approved
High,0.09,On-time,Frequent,Unstable,3.77,13,6,81,10,9.23,108,Denied
High,-0.68,On-time,Occasional,Semi-Stable,5.61,12,7,52,11,7.52,139,Denied
Low,0.09,On-time,Rare,Stable,6.8,0,2,29,4,5.36,16,Denied
Medium,0.77,Delayed,Rare,Unstable,4.99,8,8,27,19,8.54,61,Denied
Low,-0.86,On-time,Frequent,Semi-Stable,9.66,6,3,30,6,7.88,102,Denied
Low,0.95,Missed,Occasional,Stable,8.49,11,8,92,36,5.62,59,Denied
High,0.67,On-time,Rare,Stable,9.6,18,8,51,34,7.6,143,Approved
High,-0.32,On-time,Frequent,Unstable,7.6,8,3,80,27,2.07,31,Denied
High,0.3,On-time,Occasional,Semi-Stable,11.19,4,0,47,4,1.68,147,Approved
High,0.56,On-time,Frequent,Unstable,3.24,6,6,71,34,2.81,142,Denied
High,-0.54,Missed,Rare,Semi-Stable,8.39,7,1,23,6,9.16,3,Denied
High,-0.54,On-time,Frequent,Stable,9.6,13,3,49,9,9.94,108,Denied
Low,-0.83,Missed,Occasional,Unstable,11.17,10,3,55,46,6.98,109,Denied
High,0.96,Missed,Occasional,Semi-Stable,2.43,8,7,97,6,4.61,23,Denied
Medium,-0.31,Delayed,Rare,Semi-Stable,5.28,8,8,78,10,6.88,118,Denied
Low,0.32,Delayed,Occasional,Stable,5.78,5,4,35,30,6.67,106,Approved
Low,-0.43,Delayed,Occasional,Stable,10.58,6,8,23,43,8.48,50,Denied
High,-0.83,Missed,Occasional,Semi-Stable,6.58,1,1,25,0,6.37,108,Denied
Low,0.59,On-time,Occasional,Semi-Stable,4.73,9,4,28,0,9.11,77,Approved
High,0.34,On-time,Frequent,Semi-Stable,6.58,5,5,58,11,1.58,77,Approved
High,-0.6,Missed,Occasional,Unstable,3.16,0,6,19,4,2.19,147,Denied
Low,-0.51,Missed,Rare,Stable,1.24,19,0,78,34,5.07,147,Denied
Low,-0.75,Missed,Frequent,Stable,2.04,6,7,42,28,7.81,147,Denied
Medium,-0.59,On-time,Rare,Stable,5.85,16,6,89,46,6.67,55,Denied
Medium,0.8,On-time,Rare,Unstable,2.33,15,0,9,9,4.05,74,Denied
Low,0.32,On-time,Frequent,Semi-Stable,3.87,8,1,22,16,8.32,24,Approved
Medium,0.49,Delayed,Rare,Semi-Stable,1.17,12,5,43,20,2.43,124,Denied
Medium,-0.81,Missed,Occasional,Semi-Stable,2.69,7,6,11,29,9.53,46,Denied
High,-0.92,On-time,Occasional,Unstable,7.7,0,4,21,40,5.79,27,Denied
High,0.9,On-time,Frequent,Unstable,10.97,7,1,72,26,5.12,116,Denied
Low,-0.19,On-time,Frequent,Stable,8.11,5,3,14,4,3.51,25,Approved
Low,-0.81,On-time,Frequent,Semi-Stable,10.81,15,7,0,48,9.66,12,Denied
High,-0.13,On-time,Rare,Semi-Stable,1.9,8,2,90,4,6.09,14,Denied
Medium,0.56,Delayed,Occasional,Unstable,8.71,4,4,11,48,7.62,37,Denied
Low,-0.24,On-time,Occasional,Stable,4.18,16,3,60,8,8.6,74,Approved
Medium,-0.34,Missed,Occasional,Unstable,7.19,5,0,88,14,4.44,124,Denied
Low,-0.4,On-time,Rare,Stable,7.16,17,9,72,27,1.28,28,Denied
High,-0.74,Missed,Occasional,Semi-Stable,4.28,16,7,96,46,9.14,119,Denied
Medium,0.45,On-time,Rare,Semi-Stable,8.19,15,5,86,44,8.26,8,Approved
High,0.24,Delayed,Frequent,Semi-Stable,3.05,18,6,31,30,2.11,105,Approved
Medium,-0.93,On-time,Frequent,Stable,4.73,5,4,18,43,1.03,79,Denied
Low,0.87,Delayed,Occasional,Unstable,11.8,10,6,37,17,6.21,15,Denied
Medium,0.2,Delayed,Rare,Stable,2.6,18,7,40,43,3.95,140,Approved
Low,0.28,On-time,Rare,Unstable,3.01,9,6,45,14,7.12,62,Denied
Medium,1,Delayed,Frequent,Stable,5,11,3,89,9,2.54,55,Approved
High,0.96,Missed,Rare,Unstable,11.52,7,5,60,22,4.49,93,Denied
High,-0.66,On-time,Rare,Unstable,3.86,11,2,39,26,5.05,70,Denied
Low,0.12,Delayed,Frequent,Stable,5.82,15,6,82,3,7.38,148,Approved
Medium,-0.37,Missed,Frequent,Stable,10.86,9,8,61,34,6.05,24,Denied
High,0.45,On-time,Rare,Semi-Stable,2.3,7,1,12,30,2.38,60,Approved
High,0.16,Missed,Occasional,Semi-Stable,5.94,3,5,48,6,2.45,116,Denied
Low,0.91,On-time,Occasional,Semi-Stable,10.99,12,8,71,2,5.62,142,Approved
Medium,-0.4,Delayed,Rare,Unstable,2.75,5,5,42,20,7.42,127,Denied
Medium,-0.56,Delayed,Frequent,Stable,2.07,18,4,38,8,4.49,27,Denied
Low,0.48,Delayed,Rare,Semi-Stable,5.33,19,7,27,14,1.66,74,Approved
High,-0.51,Missed,Frequent,Unstable,2.19,19,1,80,15,2.08,96,Denied
High,0.14,On-time,Frequent,Semi-Stable,4.02,10,0,33,31,1.23,81,Approved
Low,0.76,On-time,Frequent,Stable,5.54,12,9,81,11,6.62,58,Approved
Low,0.27,Missed,Occasional,Semi-Stable,5.91,9,8,30,46,2.49,40,Denied
High,1,Delayed,Frequent,Semi-Stable,5.1,8,3,15,26,1.16,147,Approved
Low,0.7,Delayed,Occasional,Semi-Stable,8.62,5,6,61,18,4.17,67,Approved
Low,0.27,On-time,Occasional,Stable,6.13,7,1,97,49,3.03,41,Approved
Medium,0.2,On-time,Occasional,Stable,8.97,18,4,84,25,8.98,26,Approved
Low,0.18,Missed,Frequent,Stable,2.15,6,6,7,11,8.93,15,Denied
High,-0.89,On-time,Rare,Stable,11.89,15,7,13,32,2.26,95,Denied
Low,-0.4,Missed,Occasional,Stable,7.6,16,7,6,46,4.87,20,Denied
High,-0.07,Missed,Rare,Unstable,11.07,11,2,32,46,8.85,137,Denied
Low,-0.1,On-time,Frequent,Stable,8.67,10,9,16,38,4.05,23,Approved
Medium,-0.14,Delayed,Frequent,Semi-Stable,5.71,0,7,26,45,2.24,66,Denied
High,0.42,On-time,Occasional,Unstable,9.32,1,3,19,21,9.14,49,Denied
High,-0.45,Delayed,Rare,Semi-Stable,4.7,19,5,15,2,2.36,56,Denied
Low,0.94,On-time,Rare,Stable,2.59,7,4,97,26,4.88,95,Approved
Medium,-0.21,Missed,Occasional,Stable,6.37,15,0,26,22,7.35,35,Denied
Low,0.29,Delayed,Rare,Unstable,3.52,9,3,3,25,7.33,24,Denied
High,0.49,Missed,Occasional,Stable,7.73,8,3,3,40,8.09,31,Denied
High,0.76,On-time,Occasional,Unstable,1.97,8,5,0,44,2.65,93,Denied
Medium,0.97,Delayed,Rare,Unstable,11.57,12,7,64,9,5.47,125,Denied
Low,-0.61,Delayed,Occasional,Stable,9.1,9,7,3,49,8.33,2,Denied
Medium,-0.66,Delayed,Rare,Stable,6.39,12,4,66,37,8.91,111,Denied
High,-0.21,Missed,Frequent,Semi-Stable,11.82,15,8,95,48,6.43,149,Denied
Medium,0.97,Missed,Rare,Stable,11.69,6,8,48,37,6.39,117,Denied
Low,0.32,Delayed,Frequent,Stable,5.98,13,8,64,49,6.63,10,Approved
Low,-0.29,Delayed,Occasional,Unstable,10.56,7,1,99,38,6.92,100,Denied
Medium,0.16,Missed,Occasional,Semi-Stable,5.65,0,2,78,39,8.35,133,Denied
Medium,-0.5,Delayed,Frequent,Semi-Stable,8.22,18,5,57,33,8.85,116,Denied
Medium,-0.47,Missed,Frequent,Unstable,2.97,10,6,24,1,8.79,49,Denied
Medium,-0.28,Missed,Rare,Unstable,8.58,4,8,5,42,9.87,75,Denied
High,0.56,On-time,Occasional,Stable,7.91,13,3,50,11,9.4,49,Approved
Medium,-0.06,Delayed,Occasional,Unstable,4.21,13,9,26,24,9.81,50,Denied
High,0.92,Delayed,Frequent,Semi-Stable,4.34,16,7,98,9,3.78,71,Approved
Medium,0.03,Delayed,Occasional,Unstable,3.24,17,4,3,14,8.98,0,Denied
High,0.43,Missed,Occasional,Stable,4.52,18,2,93,44,7.17,31,Denied
Low,-0.41,Delayed,Frequent,Unstable,5.28,9,8,35,11,3.53,35,Denied
Low,0.85,Missed,Frequent,Semi-Stable,2.43,19,8,64,24,8.29,75,Denied
Low,0.54,Delayed,Occasional,Semi-Stable,11.88,0,2,10,31,8.87,69,Denied
Medium,0.92,On-time,Frequent,Stable,5.3,16,2,40,39,1.11,14,Approved
Medium,-0.03,On-time,Occasional,Unstable,3.22,2,3,95,38,6.16,47,Denied
Low,-0.6,Delayed,Occasional,Unstable,7.29,18,7,11,5,6.01,52,Denied
Medium,-0.72,Delayed,Occasional,Unstable,7.62,12,1,60,29,3.39,137,Denied
Low,-0.53,On-time,Frequent,Unstable,3.71,0,9,12,36,1.46,74,Denied
High,0.47,Delayed,Frequent,Semi-Stable,11.39,13,4,87,6,6.78,103,Approved
High,-0.93,Delayed,Frequent,Stable,4.38,6,5,22,5,9.39,110,Denied
Medium,0.28,Delayed,Frequent,Semi-Stable,3.92,6,3,45,43,7.56,45,Approved
Low,-0.83,On-time,Frequent,Unstable,7.48,18,3,93,10,2.29,21,Denied
Low,-0.59,Delayed,Frequent,Semi-Stable,4,16,2,53,5,2.15,145,Denied
High,0.71,Missed,Occasional,Unstable,10.12,11,4,50,22,3.16,79,Denied
High,0.32,Delayed,Frequent,Unstable,5.48,7,4,0,5,8.15,137,Denied
Medium,0.03,On-time,Rare,Unstable,6.82,14,3,56,34,5.48,5,Denied
Low,-0.41,On-time,Frequent,Semi-Stable,7.42,15,9,68,14,6.28,93,Denied
Medium,-0.33,Delayed,Occasional,Semi-Stable,11.93,1,4,16,37,8.15,107,Denied
Low,-0.48,Delayed,Rare,Unstable,5.79,19,6,74,35,9.94,143,Denied
High,0.29,Missed,Frequent,Stable,8.72,19,4,4,18,6.11,23,Denied
Low,-0.73,Delayed,Rare,Stable,10.14,8,3,71,4,2.98,40,Denied
Medium,-0.81,Delayed,Rare,Semi-Stable,5.5,9,7,19,32,4.19,132,Denied
High,-0.13,On-time,Rare,Unstable,8.14,12,9,94,2,4.5,141,Denied
Low,-0.92,Missed,Occasional,Unstable,6.79,14,7,92,12,1.85,63,Denied
Medium,0.84,Delayed,Occasional,Stable,8.82,4,3,34,7,2.05,54,Approved
High,0.12,Missed,Occasional,Unstable,2.78,1,2,13,22,2.99,76,Denied
Medium,0.52,On-time,Occasional,Semi-Stable,5.35,1,7,58,29,3.11,83,Denied
High,-0.87,On-time,Frequent,Stable,5.1,12,6,98,0,8.33,9,Denied
Medium,0.23,Missed,Rare,Unstable,4.33,10,6,25,24,7.62,6,Denied
Medium,0,Missed,Frequent,Semi-Stable,5.42,9,5,68,42,9.21,105,Denied
High,-0.17,On-time,Rare,Semi-Stable,10.39,8,3,25,15,4.62,137,Approved
High,0.97,On-time,Occasional,Unstable,7.04,7,7,28,37,3.19,107,Denied
High,-0.78,On-time,Occasional,Semi-Stable,10.42,13,6,42,1,3.51,20,Denied
High,-0.86,Delayed,Occasional,Semi-Stable,8.95,8,1,63,4,7.61,32,Denied
Low,0.58,Missed,Occasional,Semi-Stable,8.49,19,5,27,24,2.54,18,Denied
Low,-0.8,Delayed,Frequent,Semi-Stable,11.96,8,7,90,16,8.92,142,Denied
High,-0.37,Missed,Occasional,Semi-Stable,6.43,5,0,66,5,1.77,105,Denied
High,0.76,On-time,Rare,Unstable,7.89,11,5,24,19,6.35,91,Denied
High,0.23,Delayed,Frequent,Unstable,11.71,4,1,61,9,8.08,18,Denied
Low,-0.49,Delayed,Frequent,Unstable,8.62,7,3,94,33,2.75,113,Denied
High,0.51,Missed,Rare,Unstable,10.91,16,2,93,43,6.8,0,Denied
Medium,-0.29,On-time,Occasional,Unstable,8.73,4,9,67,9,6.14,17,Denied
Low,0,Missed,Rare,Semi-Stable,2.87,8,1,37,46,6.33,11,Denied
High,-0.8,On-time,Rare,Semi-Stable,1.92,19,3,69,39,3.55,18,Denied
Low,-0.13,Missed,Occasional,Stable,11.77,1,5,14,35,3.21,112,Denied
High,-0.98,Missed,Occasional,Unstable,7.89,4,5,73,24,5.79,84,Denied
High,-0.6,On-time,Rare,Semi-Stable,3.89,10,1,25,31,8.46,103,Denied
Medium,0.12,Missed,Frequent,Semi-Stable,8.8,15,2,70,1,8.65,130,Denied
High,0.98,Delayed,Rare,Semi-Stable,9.83,12,0,74,41,4.45,79,Approved
Medium,-0.87,Delayed,Frequent,Semi-Stable,6.19,0,4,26,44,9.27,110,Denied
Low,0.22,Missed,Frequent,Unstable,4.89,2,8,50,3,2.24,102,Denied
Low,0.87,Delayed,Rare,Semi-Stable,6.96,5,5,71,11,6.28,46,Approved
Low,-0.12,On-time,Occasional,Semi-Stable,9.35,15,3,60,12,2.78,76,Approved
High,-0.1,Missed,Occasional,Semi-Stable,1.5,11,3,6,31,7.52,29,Denied
Medium,0.07,Missed,Rare,Unstable,9.88,16,4,10,5,5.66,35,Denied
High,0,Missed,Frequent,Semi-Stable,4.3,6,0,15,33,4.65,97,Denied
High,0.36,Delayed,Frequent,Semi-Stable,5.98,18,9,73,1,2.4,113,Approved
High,0.09,On-time,Rare,Stable,5.1,15,0,3,47,4.83,62,Approved
High,-0.32,Missed,Rare,Semi-Stable,9.47,13,0,11,41,6.01,136,Denied
Low,-0.71,Delayed,Frequent,Semi-Stable,10.6,6,9,32,21,6.78,36,Denied
Low,-0.28,Missed,Rare,Stable,11.64,18,6,26,32,8.17,109,Denied
Low,-0.74,Delayed,Rare,Unstable,3.7,1,2,79,20,2.72,93,Denied
High,-0.33,Delayed,Rare,Semi-Stable,7.88,4,8,81,47,6.78,142,Denied
Medium,-0.46,Delayed,Rare,Semi-Stable,7.99,1,2,77,35,6.78,22,Denied
High,-0.29,On-time,Occasional,Stable,5.6,5,5,0,29,2.59,16,Approved
High,0.86,Delayed,Occasional,Stable,4.44,16,1,56,42,4.59,46,Approved
Low,0.84,Missed,Occasional,Semi-Stable,5.39,12,9,44,37,1.65,130,Denied
Medium,-0.82,Delayed,Occasional,Unstable,6.66,13,8,62,33,1.79,101,Denied
High,0.9,Missed,Occasional,Semi-Stable,5.2,14,8,23,33,8.85,8,Denied
Low,-0.67,Delayed,Occasional,Unstable,8.98,13,2,54,31,5.27,138,Denied
Medium,-0.55,On-time,Rare,Stable,9.35,17,1,50,6,6.94,134,Denied
High,-0.15,On-time,Frequent,Semi-Stable,8.98,13,0,44,22,1.34,67,Approved
High,0.73,On-time,Occasional,Unstable,4.87,10,0,19,42,4.69,108,Denied
Low,-0.6,On-time,Occasional,Stable,11.49,13,8,29,27,1.59,21,Denied
High,0.91,Delayed,Rare,Unstable,4.1,19,6,11,35,7.62,25,Denied
High,-0.58,Missed,Occasional,Stable,1.36,17,6,69,35,4.5,100,Denied
Low,-0.35,On-time,Rare,Stable,3.46,15,1,33,47,2.61,0,Denied
Low,0,Delayed,Frequent,Semi-Stable,4.13,10,2,48,24,8.21,14,Approved
High,-0.17,Delayed,Occasional,Unstable,6.33,10,3,49,29,1.09,111,Denied
Low,-0.7,Missed,Occasional,Stable,1.57,14,9,29,25,6.22,2,Denied
Medium,-0.63,Missed,Occasional,Semi-Stable,9.42,12,0,52,24,8.54,8,Denied
High,0.7,On-time,Frequent,Stable,1.17,18,0,57,12,5.33,13,Denied
Low,-0.96,On-time,Occasional,Semi-Stable,11.35,11,5,32,48,8.97,117,Denied
Low,-0.43,Delayed,Frequent,Unstable,9.31,5,3,73,34,2.54,1,Denied
High,-0.13,On-time,Frequent,Semi-Stable,3.2,12,0,18,12,3.59,18,Approved
Low,0.66,Delayed,Occasional,Unstable,6.35,7,2,26,15,8.5,47,Denied
High,0.12,Missed,Occasional,Stable,2.81,1,2,19,1,2.36,119,Denied
Low,-0.33,Missed,Frequent,Semi-Stable,6.23,6,8,93,6,1.18,126,Denied
Low,0.09,Missed,Rare,Stable,1.17,18,8,70,37,4.81,77,Denied
Low,-0.02,On-time,Rare,Unstable,4.82,10,2,75,30,5.7,42,Denied
Low,-0.57,On-time,Occasional,Unstable,7.68,11,1,1,16,1.53,52,Denied
Low,-0.3,Missed,Occasional,Semi-Stable,8.98,17,7,2,7,5.91,30,Denied
Low,0.46,Delayed,Frequent,Stable,10.55,5,7,19,6,9.48,126,Approved
Medium,0.7,On-time,Rare,Semi-Stable,7.19,0,9,13,41,8.88,13,Denied
High,0.18,Delayed,Occasional,Semi-Stable,7.81,5,6,47,28,2.75,40,Approved
High,0.94,On-time,Rare,Stable,4.6,6,8,86,1,2.61,96,Approved
Low,-0.96,Missed,Rare,Semi-Stable,11.75,8,2,95,40,8.74,127,Denied
Medium,0.42,Delayed,Occasional,Unstable,9.79,3,4,77,2,6.87,88,Denied
Low,0.24,On-time,Rare,Semi-Stable,4.85,10,8,24,36,10,38,Approved
High,-0.08,Missed,Frequent,Semi-Stable,5,5,0,68,34,4.12,7,Denied
High,-0.23,On-time,Rare,Unstable,8.35,13,8,42,39,7.61,96,Denied
Medium,0.32,On-time,Frequent,Unstable,4.01,2,4,80,3,2.53,48,Denied
High,0.01,On-time,Rare,Unstable,1.95,15,6,99,45,4.21,35,Denied
High,-0.25,Missed,Frequent,Semi-Stable,2.32,1,2,52,32,9.63,148,Denied
High,0.93,On-time,Frequent,Semi-Stable,8.6,1,7,21,44,3.59,3,Denied
High,-0.2,On-time,Rare,Unstable,5.78,4,7,47,45,3.66,106,Denied
Low,-0.12,Delayed,Frequent,Unstable,11.42,17,4,75,4,1.14,104,Denied
Low,0.69,Delayed,Rare,Semi-Stable,10.76,12,2,92,22,1.86,88,Approved
High,-0.94,On-time,Rare,Unstable,6.95,7,9,63,49,3.6,144,Denied
Medium,0.21,On-time,Occasional,Stable,2.59,18,9,80,1,8.4,85,Approved
Low,-0.77,Delayed,Occasional,Stable,9.03,18,1,96,34,3.98,16,Denied
Medium,-0.81,Delayed,Rare,Unstable,11.29,16,0,22,32,8.97,16,Denied
Low,-0.47,Missed,Occasional,Stable,5.16,6,9,13,48,8.52,25,Denied
Medium,0.55,On-time,Frequent,Stable,5.96,9,7,92,26,4.21,127,Approved
High,-0.17,Delayed,Rare,Unstable,4.12,1,5,54,39,6.6,119,Denied
Low,0.44,Missed,Rare,Semi-Stable,7.59,9,9,69,47,8.78,56,Denied
High,0.58,Missed,Frequent,Unstable,6.11,17,1,41,35,3.49,44,Denied
High,1,Missed,Occasional,Semi-Stable,9.2,14,6,64,45,6.34,12,Denied
High,-0.19,Delayed,Occasional,Semi-Stable,8.09,17,9,60,37,1.93,144,Approved
High,-0.77,On-time,Rare,Unstable,1.54,3,3,90,35,4.56,65,Denied
Low,-0.84,Delayed,Occasional,Semi-Stable,9.98,1,5,53,48,5.7,21,Denied
Low,0.01,Missed,Frequent,Unstable,2.42,2,0,17,22,3.7,114,Denied
Medium,0.86,On-time,Frequent,Semi-Stable,7.17,15,7,51,29,7.98,23,Approved
Medium,0.05,On-time,Frequent,Unstable,5.79,13,9,46,34,4.7,114,Denied
High,-0.18,Missed,Rare,Semi-Stable,7.78,6,3,47,0,4.21,46,Denied
Low,-0.5,Delayed,Frequent,Semi-Stable,8.76,19,3,0,23,6.75,43,Denied
High,0.68,On-time,Frequent,Unstable,2.85,6,2,96,44,9.12,105,Denied
High,0.79,Delayed,Rare,Unstable,7.07,8,7,96,38,3.84,103,Denied
High,-0.98,On-time,Rare,Stable,5.58,0,2,53,17,2.48,148,Denied
Medium,0.07,Missed,Frequent,Unstable,11.5,9,4,60,5,5.6,64,Denied
High,-0.6,On-time,Rare,Unstable,2.08,19,9,51,27,5.24,80,Denied
Low,-0.02,Delayed,Frequent,Semi-Stable,3.69,0,1,5,11,3.98,136,Denied
High,0.2,On-time,Occasional,Semi-Stable,5.23,5,2,58,24,4.16,86,Approved
High,-0.72,Missed,Occasional,Unstable,4.46,17,1,89,49,6.97,83,Denied
Low,-0.74,Delayed,Occasional,Unstable,2.39,9,7,78,8,3.5,143,Denied
High,-0.22,On-time,Frequent,Semi-Stable,8.76,10,4,8,27,3.28,81,Approved
Medium,0.87,Missed,Rare,Semi-Stable,4.7,5,2,21,29,4.58,104,Denied
Low,-0.47,Delayed,Rare,Stable,4.22,0,6,58,35,1.09,136,Denied
Medium,0.92,On-time,Frequent,Stable,8.94,13,4,39,17,7.77,86,Approved
Low,0.13,Delayed,Rare,Unstable,5.65,5,3,26,45,2.02,97,Denied
High,-0.78,On-time,Occasional,Semi-Stable,7.66,12,4,21,40,2.56,84,Denied
Low,0.25,On-time,Frequent,Stable,8.39,9,9,81,48,9.54,41,Approved
High,-0.55,Delayed,Occasional,Semi-Stable,4.15,3,5,48,39,1.16,106,Denied
High,0.77,Missed,Rare,Unstable,10.66,11,4,1,44,3.05,5,Denied
Medium,0.51,Missed,Occasional,Semi-Stable,2.96,12,2,6,21,5.86,29,Denied
Medium,-0.89,Missed,Frequent,Stable,10.73,13,0,58,19,7.4,107,Denied
Medium,0.08,Delayed,Frequent,Stable,6.48,18,4,6,40,4.67,97,Approved
Medium,-0.8,Delayed,Rare,Semi-Stable,9.67,2,9,37,16,5.45,113,Denied
Medium,0.05,Missed,Rare,Semi-Stable,11.71,15,5,16,33,6.73,35,Denied
High,-0.2,On-time,Frequent,Semi-Stable,5.66,4,3,47,25,5.64,57,Approved
Low,-0.01,Missed,Rare,Stable,7.48,7,2,26,21,5.25,113,Denied
High,-0.96,Missed,Rare,Unstable,11.96,16,5,53,34,8.77,65,Denied
Medium,-0.63,On-time,Frequent,Unstable,1.56,4,3,43,13,3.55,76,Denied
High,0.73,Delayed,Frequent,Unstable,2.85,5,2,85,6,4.1,86,Denied
Low,0.2,Missed,Rare,Unstable,1.67,0,8,84,41,6.5,143,Denied
Low,-0.54,Delayed,Frequent,Semi-Stable,8.66,13,2,57,30,6.17,87,Denied
High,-0.8,Delayed,Frequent,Semi-Stable,10.76,16,5,43,43,7.17,116,Denied
High,-0.61,On-time,Occasional,Stable,5.44,6,9,46,47,8.65,124,Denied
Low,0.27,Missed,Frequent,Unstable,9.08,13,1,27,5,4.48,100,Denied
Low,-0.67,On-time,Frequent,Stable,3.45,4,3,57,15,5.12,143,Denied
High,-0.91,On-time,Rare,Semi-Stable,4.42,11,0,77,15,7.29,91,Denied
High,0.2,On-time,Frequent,Stable,6.32,17,8,59,40,2.33,16,Approved
Low,0.86,Delayed,Occasional,Stable,9.39,18,8,59,49,8.04,1,Approved
High,0.19,Missed,Occasional,Stable,11.33,9,5,82,15,3.79,140,Denied
